AidData Project ID,Title,Organization,Organization ISO,Organization Role,Organization,Organization ISO,Organization Role,Organization,Organization ISO,Organization Role,Other Organizations,Source,Short Description,Long Description,Donor Project ID,Donor Secondary Project ID
906000992780,Dikula ,United States,,Funding,,,,,,,,Geocoding 2013,,xqLX2af0Zy2,xqLX2af0Zy2,
906000992782,Disanga 3 ,United States,,Funding,,,,,,,,Geocoding 2013,,Irk0ptCenwf,Irk0ptCenwf,
906000992784,Kabungu ,United States,,Funding,,,,,,,,Geocoding 2013,,PuCBc2LaiiL,PuCBc2LaiiL,
906000992786,Chibambo ,United States,,Funding,,,,,,,,Geocoding 2013,,Qd0LDMrLOK1,Qd0LDMrLOK1,
906000992788,Kaboka ,United States,,Funding,,,,,,,,Geocoding 2013,,y48e8fHScH9,y48e8fHScH9,
906000992790,Kaboka HGR,United States,,Funding,,,,,,,,Geocoding 2013,,OHRCCDQUOZo,OHRCCDQUOZo,
906000992792,Kikungu ,United States,,Funding,,,,,,,,Geocoding 2013,,WEBhAOXHXwE,WEBhAOXHXwE,
906000992794,Kisamamba ,United States,,Funding,,,,,,,,Geocoding 2013,,eUVW5rllryb,eUVW5rllryb,
906000992796,Mission ,United States,,Funding,,,,,,,,Geocoding 2013,,R1jBV1wkWmC,R1jBV1wkWmC,
906000992798,St Jean (Kisameno) ,United States,,Funding,,,,,,,,Geocoding 2013,,wbTJi2O5VH6,wbTJi2O5VH6,
906000992800,Carmel CM,United States,,Funding,,,,,,,,Geocoding 2013,,yIXpWHWpuF5,yIXpWHWpuF5,
906000992802,Kibali,United States,,Funding,,,,,,,,Geocoding 2013,,ybOz2yR7aSl,ybOz2yR7aSl,
906000992804,Petwe ,United States,,Funding,,,,,,,,Geocoding 2013,,qtqak040zEp,qtqak040zEp,
906000992806,Zaina CM,United States,,Funding,,,,,,,,Geocoding 2013,,PqomxKe0sXq,PqomxKe0sXq,
906000992808,Centre De Sante 41,United States,,Funding,,,,,,,,Geocoding 2013,,S6Jwqgm4mgA,S6Jwqgm4mgA,
906000992810,Kafubu ,United States,,Funding,,,,,,,,Geocoding 2013,,fJeUpi5Vxbu,fJeUpi5Vxbu,
906000992812,Sambwa,United States,,Funding,,,,,,,,Geocoding 2013,,Qk3asWARy05,Qk3asWARy05,
906000992814,Betty HGR,United States,,Funding,,,,,,,,Geocoding 2013,,GlpGQM0o10h,GlpGQM0o10h,
906000992816,Bety,United States,,Funding,,,,,,,,Geocoding 2013,,hF7JJSIOegr,hF7JJSIOegr,
906000992818,Gecamines Kipushi,United States,,Funding,,,,,,,,Geocoding 2013,,YvSjNnfcg8s,YvSjNnfcg8s,
906000992820,Kawama - Kipushi ,United States,,Funding,,,,,,,,Geocoding 2013,,ms9F6pXWIAv,ms9F6pXWIAv,
906000992822,Lumata ,United States,,Funding,,,,,,,,Geocoding 2013,,vVkrAFZD4P3,vVkrAFZD4P3,
906000992824,St Charles ,United States,,Funding,,,,,,,,Geocoding 2013,,jnRtGp1FZBG,jnRtGp1FZBG,
906000992826,Tumbwe ,United States,,Funding,,,,,,,,Geocoding 2013,,fwdhh7Zrz1C,fwdhh7Zrz1C,
906000992828,Amani-Likasi ,United States,,Funding,,,,,,,,Geocoding 2013,,eg8eKslpLF5,eg8eKslpLF5,
906000992830,Asvie CM,United States,,Funding,,,,,,,,Geocoding 2013,,wziynJudfXm,wziynJudfXm,
906000992832,Kupuluka ,United States,,Funding,,,,,,,,Geocoding 2013,,VqnwROtoaHz,VqnwROtoaHz,
906000992834,La Grace - Likasi CM,United States,,Funding,,,,,,,,Geocoding 2013,,uugDKLfnDV6,uugDKLfnDV6,
906000992836,Ovika ,United States,,Funding,,,,,,,,Geocoding 2013,,o0Ipvtx6zRo,o0Ipvtx6zRo,
906000992838,Panda GCM,United States,,Funding,,,,,,,,Geocoding 2013,,u4yhuecExBb,u4yhuecExBb,
906000992840,SNCC Likasi HGR,United States,,Funding,,,,,,,,Geocoding 2013,,vF3ergOK9nT,vF3ergOK9nT,
906000992842,Shekinah CM,United States,,Funding,,,,,,,,Geocoding 2013,,C6iIOHyd8LM,C6iIOHyd8LM,
906000992844,Simba ,United States,,Funding,,,,,,,,Geocoding 2013,,W4NU5QzpmGP,W4NU5QzpmGP,
906000992846,Theresia ,United States,,Funding,,,,,,,,Geocoding 2013,,INHduMB4ZEh,INHduMB4ZEh,
906000992848,Polyclinique Socidex ,United States,,Funding,,,,,,,,Geocoding 2013,,Ig4M9J7MBO2,Ig4M9J7MBO2,
906000992850,St Luc - Panda ,United States,,Funding,,,,,,,,Geocoding 2013,,i1DNIPwBwUw,i1DNIPwBwUw,
906000992852,Kashobwe HGR,United States,,Funding,,,,,,,,Geocoding 2013,,joshm6qWObZ,joshm6qWObZ,
906000992854,Lupembe ,United States,,Funding,,,,,,,,Geocoding 2013,,DM4U9bfhcWL,DM4U9bfhcWL,
906000992856,Dubie,United States,,Funding,,,,,,,,Geocoding 2013,,yWGuoODzMsP,yWGuoODzMsP,
906000992858,Kasolo ,United States,,Funding,,,,,,,,Geocoding 2013,,q8pSw87xS51,q8pSw87xS51,
906000992860,Kilwa HGR,United States,,Funding,,,,,,,,Geocoding 2013,,jrnlhWJasPC,jrnlhWJasPC,
906000992862,Kyaka ,United States,,Funding,,,,,,,,Geocoding 2013,,xkoVdK9KgMM,xkoVdK9KgMM,
906000992864,Lukonzolwa ,United States,,Funding,,,,,,,,Geocoding 2013,,ibND46UGkNQ,ibND46UGkNQ,
906000992866,Lusalala ,United States,,Funding,,,,,,,,Geocoding 2013,,DQPm5R4BLpG,DQPm5R4BLpG,
906000992868,Lwanza ,United States,,Funding,,,,,,,,Geocoding 2013,,A07ptgzKrNa,A07ptgzKrNa,
906000992870,Mubanga ,United States,,Funding,,,,,,,,Geocoding 2013,,uBE44XPZ9Ve,uBE44XPZ9Ve,
906000992872,Mukupa ,United States,,Funding,,,,,,,,Geocoding 2013,,JfHMj6RTIum,JfHMj6RTIum,
906000992874,Mulinde ,United States,,Funding,,,,,,,,Geocoding 2013,,Zdoz7Zedu1z,Zdoz7Zedu1z,
906000992876,Boma - Pweto ,United States,,Funding,,,,,,,,Geocoding 2013,,EcuiL8m1rpw,EcuiL8m1rpw,
906000992878,Chalanshi,United States,,Funding,,,,,,,,Geocoding 2013,,q8NVzt8HC9v,q8NVzt8HC9v,
906000992880,Chanfubu HGR,United States,,Funding,,,,,,,,Geocoding 2013,,AF22Ma9FugO,AF22Ma9FugO,
906000992882,Kamakanga,United States,,Funding,,,,,,,,Geocoding 2013,,oekYeOxRGyo,oekYeOxRGyo,
906000992884,Kapondo ,United States,,Funding,,,,,,,,Geocoding 2013,,jw5lKed4NIZ,jw5lKed4NIZ,
906000992886,Kapulo ,United States,,Funding,,,,,,,,Geocoding 2013,,UE2YQdbjAjF,UE2YQdbjAjF,
906000992888,Katabe ,United States,,Funding,,,,,,,,Geocoding 2013,,gEwxa0yCx4Z,gEwxa0yCx4Z,
906000992890,Nzwiba ,United States,,Funding,,,,,,,,Geocoding 2013,,MQ3iLYpWmAl,MQ3iLYpWmAl,
906000992892,Sante ,United States,,Funding,,,,,,,,Geocoding 2013,,AC4R3JMxaRo,AC4R3JMxaRo,
906000992894,TBD1 - Pweto,United States,,Funding,,,,,,,,Geocoding 2013,,r9K0BOHOlbS,r9K0BOHOlbS,
906000992896,TBD2 - Pweto,United States,,Funding,,,,,,,,Geocoding 2013,,BkBipl7j7rb,BkBipl7j7rb,
906000992898,TBD3 - Pweto,United States,,Funding,,,,,,,,Geocoding 2013,,MbCEAPjpBbP,MbCEAPjpBbP,
906000992900,TBD4 - Pweto,United States,,Funding,,,,,,,,Geocoding 2013,,masaDFCs7Gr,masaDFCs7Gr,
906000992902,TBD5 - Pweto,United States,,Funding,,,,,,,,Geocoding 2013,,XmmFqv02tdX,XmmFqv02tdX,
906000992904,Amani-Sakania,United States,,Funding,,,,,,,,Geocoding 2013,,rREJN6BjvFS,rREJN6BjvFS,
906000992906,Buafano,United States,,Funding,,,,,,,,Geocoding 2013,,ezyucKXADTN,ezyucKXADTN,
906000992908,Buafano ,United States,,Funding,,,,,,,,Geocoding 2013,,C5GbAKyDzYo,C5GbAKyDzYo,
906000992910,Fma Marie Auxilliatrice ,United States,,Funding,,,,,,,,Geocoding 2013,,NYhN4LFvPdJ,NYhN4LFvPdJ,
906000992912,Kasumbalesa,United States,,Funding,,,,,,,,Geocoding 2013,,Mp7EEVk3wFm,Mp7EEVk3wFm,
906000992914,Kasumbalesa ,United States,,Funding,,,,,,,,Geocoding 2013,,WJxibBq9t2e,WJxibBq9t2e,
906000992916,Katale,United States,,Funding,,,,,,,,Geocoding 2013,,YmeIVi7hTx0,YmeIVi7hTx0,
906000992918,Kitotwe,United States,,Funding,,,,,,,,Geocoding 2013,,cbgYvwZNKeD,cbgYvwZNKeD,
906000992920,Mokambo,United States,,Funding,,,,,,,,Geocoding 2013,,y2IS6nBwQI7,y2IS6nBwQI7,
906000992922,Mokambo ,United States,,Funding,,,,,,,,Geocoding 2013,,w9vmbayWMuQ,w9vmbayWMuQ,
906000992924,Muhona,United States,,Funding,,,,,,,,Geocoding 2013,,gCEF5dwoaRV,gCEF5dwoaRV,
906000992926,Neema - Sakania,United States,,Funding,,,,,,,,Geocoding 2013,,GcZUvUEmYP7,GcZUvUEmYP7,
906000992928,Rosalie,United States,,Funding,,,,,,,,Geocoding 2013,,ZROej1FvpHG,ZROej1FvpHG,
906000992930,Sakania HGR,United States,,Funding,,,,,,,,Geocoding 2013,,KbYJOeheYX2,KbYJOeheYX2,
906000992932,TBD1 - Sakania,United States,,Funding,,,,,,,,Geocoding 2013,,RfpyaQrBhHP,RfpyaQrBhHP,
906000992934,TBD2 - Sakania,United States,,Funding,,,,,,,,Geocoding 2013,,AOP4ppLBOa6,AOP4ppLBOa6,
906000992936,TBD3 - Sakania,United States,,Funding,,,,,,,,Geocoding 2013,,BhYSTD3j48n,BhYSTD3j48n,
906000992938,TBD4 - Sakania,United States,,Funding,,,,,,,,Geocoding 2013,,HxFwE4xyisF,HxFwE4xyisF,
906000992940,Tshisenda,United States,,Funding,,,,,,,,Geocoding 2013,,a5fchcAolf6,a5fchcAolf6,
906000992942,Buafano,United States,,Funding,,,,,,,,Geocoding 2013,,DNuNxFvd2vf,DNuNxFvd2vf,
906000992944,Bihashara,United States,,Funding,,,,,,,,Geocoding 2013,,mgTgT488GXV,mgTgT488GXV,
906000992946,Kanina,United States,,Funding,,,,,,,,Geocoding 2013,,IaDm3fBJ6b5,IaDm3fBJ6b5,
906000992948,TBD1 - Dilala,United States,,Funding,,,,,,,,Geocoding 2013,,NhSNnfhXPZg,NhSNnfhXPZg,
906000992950,TBD2 - Dilala,United States,,Funding,,,,,,,,Geocoding 2013,,TdQYFgpXZwk,TdQYFgpXZwk,
906000992952,TBD3 - Dilala,United States,,Funding,,,,,,,,Geocoding 2013,,n1y2iBzm4ox,n1y2iBzm4ox,
906000992954,Uzima Wetu - Dilala,United States,,Funding,,,,,,,,Geocoding 2013,,xf41AJRQBCT,xf41AJRQBCT,
906000992956,Bunkeya HGR,United States,,Funding,,,,,,,,Geocoding 2013,,pXorY6Hhfx9,pXorY6Hhfx9,
906000992958,Gareganze - Bunkenya ,United States,,Funding,,,,,,,,Geocoding 2013,,QhAsG4QyPlR,QhAsG4QyPlR,
906000992960,Kikobe ,United States,,Funding,,,,,,,,Geocoding 2013,,iSYYe5wWVUm,iSYYe5wWVUm,
906000992962,Munto ,United States,,Funding,,,,,,,,Geocoding 2013,,vN3xEEwdTxJ,vN3xEEwdTxJ,
906000992964,TBD1 - Bunkeya,United States,,Funding,,,,,,,,Geocoding 2013,,ETdHgNjvvYY,ETdHgNjvvYY,
906000992966,TBD2 - Bunkeya,United States,,Funding,,,,,,,,Geocoding 2013,,yB5Qi3XG4tC,yB5Qi3XG4tC,
906000992968,TBD3 - Bunkeya,United States,,Funding,,,,,,,,Geocoding 2013,,Tec4PM6z7GL,Tec4PM6z7GL,
906000992970,TBD4 - Bunkeya,United States,,Funding,,,,,,,,Geocoding 2013,,yX8ulnFUnuQ,yX8ulnFUnuQ,
906000992972,Dilambwe,United States,,Funding,,,,,,,,Geocoding 2013,,dD7zjYifa2r,dD7zjYifa2r,
906000992974,Dipeta 1,United States,,Funding,,,,,,,,Geocoding 2013,,NHB8UlZUgWf,NHB8UlZUgWf,
906000992976,Dipeta 2,United States,,Funding,,,,,,,,Geocoding 2013,,azHZDwa04XW,azHZDwa04XW,
906000992978,Dipeta ,United States,,Funding,,,,,,,,Geocoding 2013,,yfmKBWwZI8Z,yfmKBWwZI8Z,
906000992980,El Shaddai ,United States,,Funding,,,,,,,,Geocoding 2013,,sMD0nKFjTgt,sMD0nKFjTgt,
906000992982,Kakanda HGR,United States,,Funding,,,,,,,,Geocoding 2013,,rlrnyO78Ega,rlrnyO78Ega,
906000992984,Kasolondo,United States,,Funding,,,,,,,,Geocoding 2013,,XDQ2pVVtrnG,XDQ2pVVtrnG,
906000992986,Kilusonsa,United States,,Funding,,,,,,,,Geocoding 2013,,BQI5QUa6ZoW,BQI5QUa6ZoW,
906000992988,Lukotola,United States,,Funding,,,,,,,,Geocoding 2013,,GjdPlhqJsdU,GjdPlhqJsdU,
906000992990,Mpala,United States,,Funding,,,,,,,,Geocoding 2013,,FXwl2fM9nla,FXwl2fM9nla,
906000992992,Mulumbu,United States,,Funding,,,,,,,,Geocoding 2013,,a0Qlf60zWBs,a0Qlf60zWBs,
906000992994,Mwenda Mukose,United States,,Funding,,,,,,,,Geocoding 2013,,fElqAXh75Lj,fElqAXh75Lj,
906000992996,Neema - Fungurume ,United States,,Funding,,,,,,,,Geocoding 2013,,dU1qtC7LHCd,dU1qtC7LHCd,
906000992998,Nguba,United States,,Funding,,,,,,,,Geocoding 2013,,IVMb1W1xvgb,IVMb1W1xvgb,
906000993000,Piscine De Siloe,United States,,Funding,,,,,,,,Geocoding 2013,,FyecjLVvDRq,FyecjLVvDRq,
906000993002,Safina ,United States,,Funding,,,,,,,,Geocoding 2013,,nkecxYOrVdx,nkecxYOrVdx,
906000993004,Shaloom - Fungurume ,United States,,Funding,,,,,,,,Geocoding 2013,,Phh3sjKLv28,Phh3sjKLv28,
906000993006,St Francois Xavier ,United States,,Funding,,,,,,,,Geocoding 2013,,CW7ieVvpnlS,CW7ieVvpnlS,
906000993008,TBD1 - Fungurume ,United States,,Funding,,,,,,,,Geocoding 2013,,RZ7L5q70Ulr,RZ7L5q70Ulr,
906000993010,TBD2 - Fungurume ,United States,,Funding,,,,,,,,Geocoding 2013,,rLXE3glb0EX,rLXE3glb0EX,
906000993012,TBD3 - Fungurume,United States,,Funding,,,,,,,,Geocoding 2013,,P3tRxwEPhrJ,P3tRxwEPhrJ,
906000993014,Tenke,United States,,Funding,,,,,,,,Geocoding 2013,,TfuoeUKy2Qk,TfuoeUKy2Qk,
906000993016,Cimenkat Lubudi HGR,United States,,Funding,,,,,,,,Geocoding 2013,,GfNyZSEQihB,GfNyZSEQihB,
906000993018,Kalonga ,United States,,Funding,,,,,,,,Geocoding 2013,,Khk0Xbc0cU8,Khk0Xbc0cU8,
906000993020,Kansenia Hopital,United States,,Funding,,,,,,,,Geocoding 2013,,k66m7sRmq5g,k66m7sRmq5g,
906000993022,Mukabe ,United States,,Funding,,,,,,,,Geocoding 2013,,TPf7tuulIsj,TPf7tuulIsj,
906000993024,TBD1 - Lubudi,United States,,Funding,,,,,,,,Geocoding 2013,,LHUOwRgNQkr,LHUOwRgNQkr,
906000993026,TBD2 - Lubudi,United States,,Funding,,,,,,,,Geocoding 2013,,gHZ7OExrQ1A,gHZ7OExrQ1A,
906000993028,TBD3 - Lubudi,United States,,Funding,,,,,,,,Geocoding 2013,,MnMX68So59s,MnMX68So59s,
906000993030,Chisambu,United States,,Funding,,,,,,,,Geocoding 2013,,Sf93e7ldA3b,Sf93e7ldA3b,
906000993032,Kongolo M,United States,,Funding,,,,,,,,Geocoding 2013,,LZFJh3OlwrG,LZFJh3OlwrG,
906000993034,TBD1 - Manika,United States,,Funding,,,,,,,,Geocoding 2013,,hnTreNgH5Uq,hnTreNgH5Uq,
906000993036,TBD2 - Manika,United States,,Funding,,,,,,,,Geocoding 2013,,mTKQdb7qJp4,mTKQdb7qJp4,
906000993038,TBD3 - Manika,United States,,Funding,,,,,,,,Geocoding 2013,,GDq8ePsJuxY,GDq8ePsJuxY,
906000993040,Hopital du Personnel de Kolwezi (HPK) - Dilala HGR,United States,,Funding,,,,,,,,Geocoding 2013,,GFiXEwmLieo,GFiXEwmLieo,
906000993042,Kapata ,United States,,Funding,,,,,,,,Geocoding 2013,,d0cWHAjRywv,d0cWHAjRywv,
906000993044,Luilu ,United States,,Funding,,,,,,,,Geocoding 2013,,QpgD5Uj3HjW,QpgD5Uj3HjW,
906000993046,Methodiste - Dilala CH,United States,,Funding,,,,,,,,Geocoding 2013,,nuq8uhRKNFS,nuq8uhRKNFS,
906000993048,Kanzenze HGR,United States,,Funding,,,,,,,,Geocoding 2013,,isAwTDsnPSu,isAwTDsnPSu,
906000993050,Nseke HGR,United States,,Funding,,,,,,,,Geocoding 2013,,kxFSJECuf8H,kxFSJECuf8H,
906000993052,Nzilo ,United States,,Funding,,,,,,,,Geocoding 2013,,lQzVWrJg5L0,lQzVWrJg5L0,
906000993054,TBD1 - Kanzenze ,United States,,Funding,,,,,,,,Geocoding 2013,,tMCm8p143Yx,tMCm8p143Yx,
906000993056,TBD2 - Kanzenze ,United States,,Funding,,,,,,,,Geocoding 2013,,I5y4pJ239nW,I5y4pJ239nW,
906000993058,TBD3 - Kanzenze,United States,,Funding,,,,,,,,Geocoding 2013,,lh37qCucAhX,lh37qCucAhX,
906000993060,TBD4 - Kanzenze,United States,,Funding,,,,,,,,Geocoding 2013,,cBfbLxAKRUl,cBfbLxAKRUl,
906000993062,Tshamundenda1 ,United States,,Funding,,,,,,,,Geocoding 2013,,Nyl2xAuv1uP,Nyl2xAuv1uP,
906000993064,Wakipindji ,United States,,Funding,,,,,,,,Geocoding 2013,,nW8wTIVRZEJ,nW8wTIVRZEJ,
906000993066,Walemba ,United States,,Funding,,,,,,,,Geocoding 2013,,ng3bAARjI18,ng3bAARjI18,
906000993068,Kawama,United States,,Funding,,,,,,,,Geocoding 2013,,n16AMpmaBBt,n16AMpmaBBt,
906000993070,Kawama - Lualaba ,United States,,Funding,,,,,,,,Geocoding 2013,,chillOaHvph,chillOaHvph,
906000993072,Kinsafu ,United States,,Funding,,,,,,,,Geocoding 2013,,ZJlkcX5ekzy,ZJlkcX5ekzy,
906000993074,Mupanja,United States,,Funding,,,,,,,,Geocoding 2013,,uhqieW6ihBm,uhqieW6ihBm,
906000993076,Mupanja ,United States,,Funding,,,,,,,,Geocoding 2013,,TgpzvIaMGjx,TgpzvIaMGjx,
906000993078,Mwanfwe ,United States,,Funding,,,,,,,,Geocoding 2013,,DHdtwc3Iprl,DHdtwc3Iprl,
906000993080,Pwene ,United States,,Funding,,,,,,,,Geocoding 2013,,jREWnvxLOUa,jREWnvxLOUa,
906000993082,Pwibwe ,United States,,Funding,,,,,,,,Geocoding 2013,,IlKdUkwjRKq,IlKdUkwjRKq,
906000993084,Radem - Lualaba ,United States,,Funding,,,,,,,,Geocoding 2013,,AxZCtlC28CW,AxZCtlC28CW,
906000993086,SNCC Mupandja ,United States,,Funding,,,,,,,,Geocoding 2013,,vGNO82RvTwu,vGNO82RvTwu,
906000993088,TBD1 - Lualaba,United States,,Funding,,,,,,,,Geocoding 2013,,m9fUAf2t2ca,m9fUAf2t2ca,
906000993090,TBD2 - Lualaba,United States,,Funding,,,,,,,,Geocoding 2013,,KAjuGGXfc2q,KAjuGGXfc2q,
906000993092,TBD3 - Lualaba,United States,,Funding,,,,,,,,Geocoding 2013,,YTorSE96hbY,YTorSE96hbY,
906000993094,Afia Manika ,United States,,Funding,,,,,,,,Geocoding 2013,,e1SKC7deW5O,e1SKC7deW5O,
906000993096,Betshaida ,United States,,Funding,,,,,,,,Geocoding 2013,,ZrMzWN6H5n6,ZrMzWN6H5n6,
906000993098,Kasulo ,United States,,Funding,,,,,,,,Geocoding 2013,,v1SDeFQa2P6,v1SDeFQa2P6,
906000993100,Manika ,United States,,Funding,,,,,,,,Geocoding 2013,,WenMdOJzwbO,WenMdOJzwbO,
906000993102,Mwangeji HGR,United States,,Funding,,,,,,,,Geocoding 2013,,F2Abc0EFhbF,F2Abc0EFhbF,
906000993104,Kayambe ,United States,,Funding,,,,,,,,Geocoding 2013,,K9CdDv7GBh7,K9CdDv7GBh7,
906000993106,Luilu,United States,,Funding,,,,,,,,Geocoding 2013,,GnnshwHG2Xf,GnnshwHG2Xf,
906000993108,Maisha ,United States,,Funding,,,,,,,,Geocoding 2013,,DXjIcYTi9KU,DXjIcYTi9KU,
906000993110,Mutshatsha HGR,United States,,Funding,,,,,,,,Geocoding 2013,,LGTFak63EnY,LGTFak63EnY,
906000993112,TBD1 - Mutshatsha,United States,,Funding,,,,,,,,Geocoding 2013,,tk0OsUgMREV,tk0OsUgMREV,
906000993114,TBD2 - Mutshatsha,United States,,Funding,,,,,,,,Geocoding 2013,,BPnZvzIEWgD,BPnZvzIEWgD,
906000993116,TBD3 - Mutshatsha,United States,,Funding,,,,,,,,Geocoding 2013,,UgUBuibjG0R,UgUBuibjG0R,
906000993118,TBD4 - Mutshatsha,United States,,Funding,,,,,,,,Geocoding 2013,,LVI2IJ9DFRd,LVI2IJ9DFRd,
906000993120,Katanga,United States,,Funding,,,,,,,,Geocoding 2013,,K5N3wrcWjbE,K5N3wrcWjbE,
906000993122,Luisha,United States,,Funding,,,,,,,,Geocoding 2013,,Vb8lDLXkHjJ,Vb8lDLXkHjJ,
906000993124,Lupidi 2,United States,,Funding,,,,,,,,Geocoding 2013,,m7qqHJKoBZD,m7qqHJKoBZD,
906000993126,Ndakata,United States,,Funding,,,,,,,,Geocoding 2013,,eZXOmZXhqYz,eZXOmZXhqYz,
906000993128,TBD1 - Kapolowe ,United States,,Funding,,,,,,,,Geocoding 2013,,GVoGUHUxJmX,GVoGUHUxJmX,
906000993130,TBD2 - Kapolowe ,United States,,Funding,,,,,,,,Geocoding 2013,,UYO8aH2xVLO,UYO8aH2xVLO,
906000993132,TBD3 - Kapolowe,United States,,Funding,,,,,,,,Geocoding 2013,,fMEVCO7w4WH,fMEVCO7w4WH,
906000993134,ELYSEE ,United States,,Funding,,,,,,,,Geocoding 2013,,Nt15Ue8D0ob,Nt15Ue8D0ob,
906000993136,Kalulwa,United States,,Funding,,,,,,,,Geocoding 2013,,d4GM38NzLIO,d4GM38NzLIO,
906000993138,Kampemba - Kikula,United States,,Funding,,,,,,,,Geocoding 2013,,YRj8q2Ehlqt,YRj8q2Ehlqt,
906000993140,LA BLANCHE,United States,,Funding,,,,,,,,Geocoding 2013,,VHNwMH6Q8HW,VHNwMH6Q8HW,
906000993142,Mlinzi,United States,,Funding,,,,,,,,Geocoding 2013,,GJhhJHblD3b,GJhhJHblD3b,
906000993144,Moriah,United States,,Funding,,,,,,,,Geocoding 2013,,EsnRGwr0CZj,EsnRGwr0CZj,
906000993146,TBD1 - Kikula ,United States,,Funding,,,,,,,,Geocoding 2013,,VhnkBSh7CNu,VhnkBSh7CNu,
906000993148,TBD2 - Kikula ,United States,,Funding,,,,,,,,Geocoding 2013,,EquOikly5xK,EquOikly5xK,
906000993150,Uzima,United States,,Funding,,,,,,,,Geocoding 2013,,AvTMqC1Xosu,AvTMqC1Xosu,
906000993152,Uzima Wetu - Kikula,United States,,Funding,,,,,,,,Geocoding 2013,,RPKlAF5Cu83,RPKlAF5Cu83,
906000993154,Belle Vue,United States,,Funding,,,,,,,,Geocoding 2013,,zXiYHQltAoF,zXiYHQltAoF,
906000993156,Nguya,United States,,Funding,,,,,,,,Geocoding 2013,,a5bc6lcn2ek,a5bc6lcn2ek,
906000993158,Panda HGR,United States,,Funding,,,,,,,,Geocoding 2013,,h0XoJTZr5eb,h0XoJTZr5eb,
906000993160,TBD1 - Panda,United States,,Funding,,,,,,,,Geocoding 2013,,mlXbcqNvbhm,mlXbcqNvbhm,
906000993162,TBD2 - Panda,United States,,Funding,,,,,,,,Geocoding 2013,,QGCs9BkG497,QGCs9BkG497,
906000993164,TBD3 - Panda,United States,,Funding,,,,,,,,Geocoding 2013,,AWcVi2batmO,AWcVi2batmO,
906000993166,TBD4 - Panda,United States,,Funding,,,,,,,,Geocoding 2013,,XjzjIMAA2S4,XjzjIMAA2S4,
906000993168,Decouverte,United States,,Funding,,,,,,,,Geocoding 2013,,MjHBZkO1Gtz,MjHBZkO1Gtz,
906000993170,Kalimasimba,United States,,Funding,,,,,,,,Geocoding 2013,,aJoOmJ9uATE,aJoOmJ9uATE,
906000993172,Kasungami ,United States,,Funding,,,,,,,,Geocoding 2013,,n7IBtMvd1KX,n7IBtMvd1KX,
906000993174,Kilima,United States,,Funding,,,,,,,,Geocoding 2013,,f2X9S2Lxi54,f2X9S2Lxi54,
906000993176,Kilima Simba,United States,,Funding,,,,,,,,Geocoding 2013,,q1OnqahBifk,q1OnqahBifk,
906000993178,Kisanga HGR,United States,,Funding,,,,,,,,Geocoding 2013,,Gdk7s5mEyAG,Gdk7s5mEyAG,
906000993180,La Foi,United States,,Funding,,,,,,,,Geocoding 2013,,IqYu0d5wqvp,IqYu0d5wqvp,
906000993182,Crisem,United States,,Funding,,,,,,,,Geocoding 2013,,zzPY4m6LqAa,zzPY4m6LqAa,
906000993184,AMANI ,United States,,Funding,,,,,,,,Geocoding 2013,,dQwNpqrkjwx,dQwNpqrkjwx,
906000993186,BUISSON ARDENT ,United States,,Funding,,,,,,,,Geocoding 2013,,IIs5XLk0Kbg,IIs5XLk0Kbg,
906000993188,Circulaire,United States,,Funding,,,,,,,,Geocoding 2013,,X7FJLcSKlfq,X7FJLcSKlfq,
906000993190,Cite des Jeunes,United States,,Funding,,,,,,,,Geocoding 2013,,m7utP8mxZs2,m7utP8mxZs2,
906000993192,Dominique SAVIO,United States,,Funding,,,,,,,,Geocoding 2013,,JifeXKRxjxc,JifeXKRxjxc,
906000993194,Ecaset,United States,,Funding,,,,,,,,Geocoding 2013,,R7JamzHvkEL,R7JamzHvkEL,
906000993196,Emmaus,United States,,Funding,,,,,,,,Geocoding 2013,,N7PuLzytcOq,N7PuLzytcOq,
906000993198,Garenganze - Kampemba,United States,,Funding,,,,,,,,Geocoding 2013,,ESkjGj6a12x,ESkjGj6a12x,
906000993200,Jardin d'Eden CM,United States,,Funding,,,,,,,,Geocoding 2013,,SwFEdeSaxji,SwFEdeSaxji,
906000993202,Kabanga,United States,,Funding,,,,,,,,Geocoding 2013,,S7e4BaCL9Vr,S7e4BaCL9Vr,
906000993204,Kampemba HGR,United States,,Funding,,,,,,,,Geocoding 2013,,HYHRTyk5KvC,HYHRTyk5KvC,
906000993206,LA RACINE ,United States,,Funding,,,,,,,,Geocoding 2013,,UFhOFzDFkUq,UFhOFzDFkUq,
906000993208,Lapofa,United States,,Funding,,,,,,,,Geocoding 2013,,LiFDjeSmKhp,LiFDjeSmKhp,
906000993210,MAISHA ,United States,,Funding,,,,,,,,Geocoding 2013,,UDOrBbK80li,UDOrBbK80li,
906000993212,Mary Elmer,United States,,Funding,,,,,,,,Geocoding 2013,,fc81Wvn0Ypq,fc81Wvn0Ypq,
906000993214,Mont Carmel,United States,,Funding,,,,,,,,Geocoding 2013,,ZdpkFTbSkE2,ZdpkFTbSkE2,
906000993216,Reference,United States,,Funding,,,,,,,,Geocoding 2013,,AmXcpoM3uT2,AmXcpoM3uT2,
906000993218,Savio,United States,,Funding,,,,,,,,Geocoding 2013,,Ug0dAPuIcS4,Ug0dAPuIcS4,
906000993220,St Charles,United States,,Funding,,,,,,,,Geocoding 2013,,J2YoZznthJB,J2YoZznthJB,
906000993222,Ste Famille de Nazareth ,United States,,Funding,,,,,,,,Geocoding 2013,,R9R8wQfkaIe,R9R8wQfkaIe,
906000993224,Taba Congo,United States,,Funding,,,,,,,,Geocoding 2013,,sWHn4EltKqq,sWHn4EltKqq,
906000993226,Ave Maria,United States,,Funding,,,,,,,,Geocoding 2013,,i8krTPfy1DE,i8krTPfy1DE,
906000993228,Baraka,United States,,Funding,,,,,,,,Geocoding 2013,,ep6gaJrhIxO,ep6gaJrhIxO,
906000993230,Katuba HGR,United States,,Funding,,,,,,,,Geocoding 2013,,pkQTFji35rY,pkQTFji35rY,
906000993232,Lwizi ,United States,,Funding,,,,,,,,Geocoding 2013,,YEI7k9mJCn9,YEI7k9mJCn9,
906000993234,Manne Cachee,United States,,Funding,,,,,,,,Geocoding 2013,,iVkqAEQf0Ld,iVkqAEQf0Ld,
906000993236,Divin Messie,United States,,Funding,,,,,,,,Geocoding 2013,,lH6ZWy27mkS,lH6ZWy27mkS,
906000993238,Franciphar,United States,,Funding,,,,,,,,Geocoding 2013,,K5HhLJMtFFG,K5HhLJMtFFG,
906000993240,Jamma Yetu,United States,,Funding,,,,,,,,Geocoding 2013,,bZwaDLusdSg,bZwaDLusdSg,
906000993242,Kimilolo,United States,,Funding,,,,,,,,Geocoding 2013,,LOdsolX68i0,LOdsolX68i0,
906000993244,Kimilolo,United States,,Funding,,,,,,,,Geocoding 2013,,QDuNZeC77vt,QDuNZeC77vt,
906000993246,Mama Wa Huruma,United States,,Funding,,,,,,,,Geocoding 2013,,Be4mwhU4c9V,Be4mwhU4c9V,
906000993248,Mama wa Uruma,United States,,Funding,,,,,,,,Geocoding 2013,,DTxLG6n4fcW,DTxLG6n4fcW,
906000993250,Mimbulu,United States,,Funding,,,,,,,,Geocoding 2013,,H9yIPRNzALG,H9yIPRNzALG,
906000993252,Mutuale,United States,,Funding,,,,,,,,Geocoding 2013,,CZaXMKhsnuX,CZaXMKhsnuX,
906000993254,Somika,United States,,Funding,,,,,,,,Geocoding 2013,,tuFFJZK1E3e,tuFFJZK1E3e,
906000993256,Ste Bernadette,United States,,Funding,,,,,,,,Geocoding 2013,,ZKxqW2GenTc,ZKxqW2GenTc,
906000993258,Triangle,United States,,Funding,,,,,,,,Geocoding 2013,,GtFTwwzNxYV,GtFTwwzNxYV,
906000993260,A.Barbier,United States,,Funding,,,,,,,,Geocoding 2013,,W1LvdiWpU6K,W1LvdiWpU6K,
906000993262,Awadi,United States,,Funding,,,,,,,,Geocoding 2013,,Qsxd9nGcUSp,Qsxd9nGcUSp,
906000993264,Bakhita ,United States,,Funding,,,,,,,,Geocoding 2013,,ehxNmDo2a5v,ehxNmDo2a5v,
906000993266,Eben Ezer ,United States,,Funding,,,,,,,,Geocoding 2013,,OasE6itcEkA,OasE6itcEkA,
906000993268,Kenya 1,United States,,Funding,,,,,,,,Geocoding 2013,,vGW29iPzSN1,vGW29iPzSN1,
906000993270,Kenya HGR,United States,,Funding,,,,,,,,Geocoding 2013,,GRjs9nQ1HsM,GRjs9nQ1HsM,
906000993272,Paul Mari B,United States,,Funding,,,,,,,,Geocoding 2013,,OT5jPx14IPr,OT5jPx14IPr,
906000993274,TBD1 - Kenya,United States,,Funding,,,,,,,,Geocoding 2013,,QXGHno8EQ7f,QXGHno8EQ7f,
906000993276,TBD2 - Kenya,United States,,Funding,,,,,,,,Geocoding 2013,,gygC0iFqm7d,gygC0iFqm7d,
906000993278,TBD3 - Kenya,United States,,Funding,,,,,,,,Geocoding 2013,,RFKz7p1oUDP,RFKz7p1oUDP,
906000993280,TBD4 - Kenya,United States,,Funding,,,,,,,,Geocoding 2013,,EtHBHPuDo0r,EtHBHPuDo0r,
906000993282,Bumi,United States,,Funding,,,,,,,,Geocoding 2013,,xdjlZb5MxNV,xdjlZb5MxNV,
906000993284,Bumi ,United States,,Funding,,,,,,,,Geocoding 2013,,qowRPdVmNqv,qowRPdVmNqv,
906000993286,Crina ,United States,,Funding,,,,,,,,Geocoding 2013,,T0UEn5RGbEb,T0UEn5RGbEb,
906000993288,Kamalondo HGR,United States,,Funding,,,,,,,,Geocoding 2013,,smnrklQUooP,smnrklQUooP,
906000993290,TBD - Kamalondo,United States,,Funding,,,,,,,,Geocoding 2013,,F3gbn1rVbDZ,F3gbn1rVbDZ,
906000993292,Jardin d'Eden CM,United States,,Funding,,,,,,,,Geocoding 2013,,AeMQW9s2t83,AeMQW9s2t83,
906000993294,Penny Wise And Guts ,United States,,Funding,,,,,,,,Geocoding 2013,,mh2s9zHs6dP,mh2s9zHs6dP,
906000993296,Ste Famille de Nazareth ,United States,,Funding,,,,,,,,Geocoding 2013,,LjjTIOJC16U,LjjTIOJC16U,
906000993298,TBD1 - Kampemba,United States,,Funding,,,,,,,,Geocoding 2013,,WinWAJPbgBj,WinWAJPbgBj,
906000993300,TBD2 - Kampemba,United States,,Funding,,,,,,,,Geocoding 2013,,YJKdL07CHk1,YJKdL07CHk1,
906000993302,TBD3 - Kampemba,United States,,Funding,,,,,,,,Geocoding 2013,,s1KeM67zu9K,s1KeM67zu9K,
906000993304,TBD4 - Kampemba,United States,,Funding,,,,,,,,Geocoding 2013,,KHok3230qCy,KHok3230qCy,
906000993306,TBD5 - Kampemba,United States,,Funding,,,,,,,,Geocoding 2013,,ksZfbkCyhA8,ksZfbkCyhA8,
906000993308,TBD6 - Kampemba,United States,,Funding,,,,,,,,Geocoding 2013,,RlmhQJvub2a,RlmhQJvub2a,
906000993310,Bakhita ,United States,,Funding,,,,,,,,Geocoding 2013,,X15CfJlCYBm,X15CfJlCYBm,
906000993312,Kalebuka ,United States,,Funding,,,,,,,,Geocoding 2013,,CfWmIkRTMyj,CfWmIkRTMyj,
906000993314,Kenya 1,United States,,Funding,,,,,,,,Geocoding 2013,,HTtNYZE6qho,HTtNYZE6qho,
906000993316,Kenya 1 ,United States,,Funding,,,,,,,,Geocoding 2013,,Un4HBrLeeZR,Un4HBrLeeZR,
906000993318,Kenya 2,United States,,Funding,,,,,,,,Geocoding 2013,,R9hzHeuJvHo,R9hzHeuJvHo,
906000993320,Kiba ,United States,,Funding,,,,,,,,Geocoding 2013,,jhr1a0ZjOMG,jhr1a0ZjOMG,
906000993322,Mama wa Watoto ,United States,,Funding,,,,,,,,Geocoding 2013,,uNGDvNIfov1,uNGDvNIfov1,
906000993324,Adventiste Lubumbashi CM,United States,,Funding,,,,,,,,Geocoding 2013,,evpNqLFIEy3,evpNqLFIEy3,
906000993326,CMCD POLYCLINIQUE,United States,,Funding,,,,,,,,Geocoding 2013,,L6XpRktiWVN,L6XpRktiWVN,
906000993328,Camps ASS,United States,,Funding,,,,,,,,Geocoding 2013,,JcmUwcZxre4,JcmUwcZxre4,
906000993330,Clinique Universitaire Lubumbashi (CUL),United States,,Funding,,,,,,,,Geocoding 2013,,v50TSKnLIWG,v50TSKnLIWG,
906000993332,Gambela,United States,,Funding,,,,,,,,Geocoding 2013,,jgqV27FaGX0,jgqV27FaGX0,
906000993334,KASAPA,United States,,Funding,,,,,,,,Geocoding 2013,,miet65hC5lO,miet65hC5lO,
906000993336,Kalubwe II,United States,,Funding,,,,,,,,Geocoding 2013,,JCWqSji03MN,JCWqSji03MN,
906000993338,Kitumaini Polyclinique,United States,,Funding,,,,,,,,Geocoding 2013,,b9qiT4tfTDP,b9qiT4tfTDP,
906000993340,Lumumba,United States,,Funding,,,,,,,,Geocoding 2013,,YyTN7q7STwG,YyTN7q7STwG,
906000993342,Makutano,United States,,Funding,,,,,,,,Geocoding 2013,,T4BxH7qzc10,T4BxH7qzc10,
906000993344,Medicare,United States,,Funding,,,,,,,,Geocoding 2013,,y2QnIhxSRWP,y2QnIhxSRWP,
906000993346,Polyclinique - Lubumbashi,United States,,Funding,,,,,,,,Geocoding 2013,,UeS3WTPbMEN,UeS3WTPbMEN,
906000993348,Polyclinique De L'esperance,United States,,Funding,,,,,,,,Geocoding 2013,,yDYDjLlGZda,yDYDjLlGZda,
906000993350,Radem Gambela,United States,,Funding,,,,,,,,Geocoding 2013,,cJnZ5pr0YSs,cJnZ5pr0YSs,
906000993352,Saint-Esprit ,United States,,Funding,,,,,,,,Geocoding 2013,,NJoxRhWLsX8,NJoxRhWLsX8,
906000993354,Scholastique ,United States,,Funding,,,,,,,,Geocoding 2013,,hIToIKgbaOy,hIToIKgbaOy,
906000993356,Sendwe CE,United States,,Funding,,,,,,,,Geocoding 2013,,BPds6OvZz6p,BPds6OvZz6p,
906000993358,Sendwe ,United States,,Funding,,,,,,,,Geocoding 2013,,VOsFaBca204,VOsFaBca204,
906000993360,Sendwe HGPR,United States,,Funding,,,,,,,,Geocoding 2013,,KbFju6VQ8Yr,KbFju6VQ8Yr,
906000993362,Sendwe HGR,United States,,Funding,,,,,,,,Geocoding 2013,,KxmtTMprA6x,KxmtTMprA6x,
906000993364,St Esprit,United States,,Funding,,,,,,,,Geocoding 2013,,Te0bOUyApYc,Te0bOUyApYc,
906000993366,St Marcel,United States,,Funding,,,,,,,,Geocoding 2013,,mIthV3Dz6Zs,mIthV3Dz6Zs,
906000993368,TBD1 - Lubumbashi,United States,,Funding,,,,,,,,Geocoding 2013,,ba0ErR3eTKL,ba0ErR3eTKL,
906000993370,TBD2 - Lubumbashi,United States,,Funding,,,,,,,,Geocoding 2013,,qddyJ8sEjb0,qddyJ8sEjb0,
906000993372,TBD3 - Lubumbashi,United States,,Funding,,,,,,,,Geocoding 2013,,aIVjKipCYw5,aIVjKipCYw5,
906000993374,TBD4 - Lubumbashi,United States,,Funding,,,,,,,,Geocoding 2013,,iF5jJMYrOl6,iF5jJMYrOl6,
906000993376,TBD5 - Lubumbashi,United States,,Funding,,,,,,,,Geocoding 2013,,BuNZ66tzrRT,BuNZ66tzrRT,
906000993378,TBD7 - Lubumbashi,United States,,Funding,,,,,,,,Geocoding 2013,,ivCoqUqbJxX,ivCoqUqbJxX,
906000993380,TBD8 - Lubumbashi,United States,,Funding,,,,,,,,Geocoding 2013,,jEi5JV8IzZ5,jEi5JV8IzZ5,
906000993382,Tshombe,United States,,Funding,,,,,,,,Geocoding 2013,,JXQxL0RpFvn,JXQxL0RpFvn,
906000993384,Flora,United States,,Funding,,,,,,,,Geocoding 2013,,tS2uRkhhwCJ,tS2uRkhhwCJ,
906000993386,Gecamines Clinique - Mubunda,United States,,Funding,,,,,,,,Geocoding 2013,,yvkYOcYKF28,yvkYOcYKF28,
906000993388,Gecamines Sud Hop,United States,,Funding,,,,,,,,Geocoding 2013,,V2czG781LGm,V2czG781LGm,
906000993390,Gemima ,United States,,Funding,,,,,,,,Geocoding 2013,,gvtHvH9oXpo,gvtHvH9oXpo,
906000993392,Mumbunda 1,United States,,Funding,,,,,,,,Geocoding 2013,,AoCcw7dE5YM,AoCcw7dE5YM,
906000993394,Mumbunda 2,United States,,Funding,,,,,,,,Geocoding 2013,,LLreBLEEZLa,LLreBLEEZLa,
906000993396,Munua ,United States,,Funding,,,,,,,,Geocoding 2013,,IVuoTqzo7Q2,IVuoTqzo7Q2,
906000993398,St Francois D'assise,United States,,Funding,,,,,,,,Geocoding 2013,,mnXdYOPm4r8,mnXdYOPm4r8,
906000993400,Faveur De Dieu,United States,,Funding,,,,,,,,Geocoding 2013,,yE2LMiMWTaq,yE2LMiMWTaq,
906000993402,La Grace - Ruashi,United States,,Funding,,,,,,,,Geocoding 2013,,JhmTDw6sSE0,JhmTDw6sSE0,
906000993404,Sion,United States,,Funding,,,,,,,,Geocoding 2013,,aWk1rbJiKgD,aWk1rbJiKgD,
906000993406,Wantashi,United States,,Funding,,,,,,,,Geocoding 2013,,I8a4NOmR0Zb,I8a4NOmR0Zb,
906000993408,Yambala,United States,,Funding,,,,,,,,Geocoding 2013,,oyOkxx9jZvZ,oyOkxx9jZvZ,
906000993410,Aenaf Partage-Attitude ,United States,,Funding,,,,,,,,Geocoding 2013,,SE9ROmopNFy,SE9ROmopNFy,
906000993412,Hakika HGR,United States,,Funding,,,,,,,,Geocoding 2013,,Amjh045ZXr5,Amjh045ZXr5,
906000993414,Mwana Bwato ,United States,,Funding,,,,,,,,Geocoding 2013,,KEGsq6yo1Ia,KEGsq6yo1Ia,
906000993416,Oracle de l'Eternel,United States,,Funding,,,,,,,,Geocoding 2013,,qDbTmCdfNRQ,qDbTmCdfNRQ,
906000993418,Polyclinique Fraternite,United States,,Funding,,,,,,,,Geocoding 2013,,tdri2x745Iv,tdri2x745Iv,
906000993420,Rwashi HGR,United States,,Funding,,,,,,,,Geocoding 2013,,bHzuG2AmGSC,bHzuG2AmGSC,
906000993422,TBD1 - Rwashi,United States,,Funding,,,,,,,,Geocoding 2013,,JehJmg7LsXQ,JehJmg7LsXQ,
906000993424,TBD2 - Rwashi,United States,,Funding,,,,,,,,Geocoding 2013,,fHInXBBdc3N,fHInXBBdc3N,
906000993426,TBD3 - Rwashi,United States,,Funding,,,,,,,,Geocoding 2013,,uQcl29w44Ow,uQcl29w44Ow,
906000993428,TBD4 - Rwashi,United States,,Funding,,,,,,,,Geocoding 2013,,jQ1u7g0KKG0,jQ1u7g0KKG0,
906000993430,Afia Mzuri ,United States,,Funding,,,,,,,,Geocoding 2013,,JKQBhzXraeA,JKQBhzXraeA,
906000993432,Amani,United States,,Funding,,,,,,,,Geocoding 2013,,Sh4NVQJ4Me3,Sh4NVQJ4Me3,
906000993434,Amani-Tshamilemba ,United States,,Funding,,,,,,,,Geocoding 2013,,jqArWBgKSBz,jqArWBgKSBz,
906000993436,Bakhita 2 ,United States,,Funding,,,,,,,,Geocoding 2013,,fC2nPYZ0SrO,fC2nPYZ0SrO,
906000993438,Camp Fabrique,United States,,Funding,,,,,,,,Geocoding 2013,,uurLKwCopzf,uurLKwCopzf,
906000993440,Etoile Brillante Du Matin CM,United States,,Funding,,,,,,,,Geocoding 2013,,gTwH1UqYEw6,gTwH1UqYEw6,
906000993442,Famika,United States,,Funding,,,,,,,,Geocoding 2013,,SkbLU2qeUpy,SkbLU2qeUpy,
906000993444,Famika ,United States,,Funding,,,,,,,,Geocoding 2013,,x9CCQDTPfcu,x9CCQDTPfcu,
906000993446,Hopital Radem ,United States,,Funding,,,,,,,,Geocoding 2013,,vEFRaQaTc0N,vEFRaQaTc0N,
906000993448,Jenovic ,United States,,Funding,,,,,,,,Geocoding 2013,,frgxGXJe9U7,frgxGXJe9U7,
906000993450,Kigoma Est,United States,,Funding,,,,,,,,Geocoding 2013,,tOMbsmjarqZ,tOMbsmjarqZ,
906000993452,Kigoma Ouest,United States,,Funding,,,,,,,,Geocoding 2013,,A8imAoOyPOY,A8imAoOyPOY,
906000993454,Lumiere Tshamilemba ,United States,,Funding,,,,,,,,Geocoding 2013,,nSNAlCGf9Ye,nSNAlCGf9Ye,
906000993456,MAMA ELISABETH ,United States,,Funding,,,,,,,,Geocoding 2013,,mmboNKvarrT,mmboNKvarrT,
906000993458,MLK POLYCLINIQUE,United States,,Funding,,,,,,,,Geocoding 2013,,iL3nQeNQNUR,iL3nQeNQNUR,
906000993460,Medaille d'Or CM,United States,,Funding,,,,,,,,Geocoding 2013,,YUyqRTcqURN,YUyqRTcqURN,
906000993462,Poly du Bel - air ,United States,,Funding,,,,,,,,Geocoding 2013,,V7tnmpZ2tNG,V7tnmpZ2tNG,
906000993464,SNCC Lubumbashi HGR,United States,,Funding,,,,,,,,Geocoding 2013,,SYMWgWpSY9A,SYMWgWpSY9A,
906000993466,St Thomas ,United States,,Funding,,,,,,,,Geocoding 2013,,NXrqLaJMmIu,NXrqLaJMmIu,
906000993468,la Promesse CM,United States,,Funding,,,,,,,,Geocoding 2013,,csAUhz9Rlqi,csAUhz9Rlqi,
906000993470,Rwashi HGR,United States,,Funding,,,,,,,,Geocoding 2013,,IBfC0WPbVbp,IBfC0WPbVbp,
906000993472,Vangu HGR,United States,,Funding,,,,,,,,Geocoding 2013,,LO3q2ZZQHVt,LO3q2ZZQHVt,
906000993474,Fma Mokambo,United States,,Funding,,,,,,,,Geocoding 2013,,REPEj6UeZmL,REPEj6UeZmL,
906000993476,Bukama HGR,United States,,Funding,,,,,,,,Geocoding 2013,,aMgy2B44uyo,aMgy2B44uyo,
906000993478,Congo SNCC,United States,,Funding,,,,,,,,Geocoding 2013,,vcWF207PZ4u,vcWF207PZ4u,
906000993480,Kabamoma,United States,,Funding,,,,,,,,Geocoding 2013,,ZfOe6p0zIQn,ZfOe6p0zIQn,
906000993482,Kibangu,United States,,Funding,,,,,,,,Geocoding 2013,,Q8zBsDPkwKn,Q8zBsDPkwKn,
906000993484,Makala,United States,,Funding,,,,,,,,Geocoding 2013,,EredNxptQH8,EredNxptQH8,
906000993486,Methodiste - Bukama,United States,,Funding,,,,,,,,Geocoding 2013,,qM9S2Qi73NQ,qM9S2Qi73NQ,
906000993488,Kalombo 1,United States,,Funding,,,,,,,,Geocoding 2013,,hgSdsfBIuLh,hgSdsfBIuLh,
906000993490,Kipamba 2 ,United States,,Funding,,,,,,,,Geocoding 2013,,y76R5fxx6Kv,y76R5fxx6Kv,
906000993492,Kitembo ,United States,,Funding,,,,,,,,Geocoding 2013,,WmtwybwSAof,WmtwybwSAof,
906000993494,Mangi 2 ,United States,,Funding,,,,,,,,Geocoding 2013,,DHK4PoBK2Bd,DHK4PoBK2Bd,
906000993496,Mangi 4 ,United States,,Funding,,,,,,,,Geocoding 2013,,XTqsRehicTr,XTqsRehicTr,
906000993498,Kambo,United States,,Funding,,,,,,,,Geocoding 2013,,TDsrm8m2dGq,TDsrm8m2dGq,
906000993500,Kamungu,United States,,Funding,,,,,,,,Geocoding 2013,,GNT0suAvzBB,GNT0suAvzBB,
906000993502,Kime,United States,,Funding,,,,,,,,Geocoding 2013,,KR1sL5UTd6A,KR1sL5UTd6A,
906000993504,Kina,United States,,Funding,,,,,,,,Geocoding 2013,,AXIUF43zHII,AXIUF43zHII,
906000993506,Kayamba HGR,United States,,Funding,,,,,,,,Geocoding 2013,,kJNXZB1nFMS,kJNXZB1nFMS,
906000993508,Mobela ,United States,,Funding,,,,,,,,Geocoding 2013,,I05CIpkaL3N,I05CIpkaL3N,
906000993510,Amani-Kitenge,United States,,Funding,,,,,,,,Geocoding 2013,,S03Zj2xbQgV,S03Zj2xbQgV,
906000993512,Budi,United States,,Funding,,,,,,,,Geocoding 2013,,n1BeQMf9Arf,n1BeQMf9Arf,
906000993514,Kitenge HGR,United States,,Funding,,,,,,,,Geocoding 2013,,eqfYjAVyCFq,eqfYjAVyCFq,
906000993516,Makwidi,United States,,Funding,,,,,,,,Geocoding 2013,,opqmVvcoVmb,opqmVvcoVmb,
906000993518,Bumi,United States,,Funding,,,,,,,,Geocoding 2013,,uDvQxgsEZDl,uDvQxgsEZDl,
906000993520,Kamina HGR,United States,,Funding,,,,,,,,Geocoding 2013,,a0c4LnAXdHt,a0c4LnAXdHt,
906000993522,Katuba 2 - Kamina,United States,,Funding,,,,,,,,Geocoding 2013,,peh8WuMfKLa,peh8WuMfKLa,
906000993524,Mere Sauveur,United States,,Funding,,,,,,,,Geocoding 2013,,qt6qSUxjTxi,qt6qSUxjTxi,
906000993526,Quartier 52,United States,,Funding,,,,,,,,Geocoding 2013,,c8LfcydnDi3,c8LfcydnDi3,
906000993528,Regie des Voies Aeriennes ,United States,,Funding,,,,,,,,Geocoding 2013,,hjLoJOMNP0q,hjLoJOMNP0q,
906000993530,Shungu,United States,,Funding,,,,,,,,Geocoding 2013,,NcCRhzIj92p,NcCRhzIj92p,
906000993532,Grelka,United States,,Funding,,,,,,,,Geocoding 2013,,dQOhpubpLo7,dQOhpubpLo7,
906000993534,Kipukwe,United States,,Funding,,,,,,,,Geocoding 2013,,TDst3e4xcTo,TDst3e4xcTo,
906000993536,Samba,United States,,Funding,,,,,,,,Geocoding 2013,,ax5mQro9w9x,ax5mQro9w9x,
906000993538,Songa HGR,United States,,Funding,,,,,,,,Geocoding 2013,,fafCCBWgmcF,fafCCBWgmcF,
906000993540,Butombe,United States,,Funding,,,,,,,,Geocoding 2013,,kWwg7eAUo0B,kWwg7eAUo0B,
906000993542,Kyamakanza,United States,,Funding,,,,,,,,Geocoding 2013,,YvcJVTiUQbK,YvcJVTiUQbK,
906000993544,Lubondoyi ,United States,,Funding,,,,,,,,Geocoding 2013,,MTxyW3qxzzC,MTxyW3qxzzC,
906000993546,Mukomutombo,United States,,Funding,,,,,,,,Geocoding 2013,,wcMUOKsGWek,wcMUOKsGWek,
906000993548,Nseya,United States,,Funding,,,,,,,,Geocoding 2013,,sjAbJd3YybW,sjAbJd3YybW,
906000993550,Kabamba ,United States,,Funding,,,,,,,,Geocoding 2013,,O3hvgaPY4KV,O3hvgaPY4KV,
906000993552,Kafumbe ,United States,,Funding,,,,,,,,Geocoding 2013,,I9yl20KTHo4,I9yl20KTHo4,
906000993554,Mulongo HGR,United States,,Funding,,,,,,,,Geocoding 2013,,UhN54NgDeKg,UhN54NgDeKg,
906000993556,Ngoya ,United States,,Funding,,,,,,,,Geocoding 2013,,dCqHFQekZme,dCqHFQekZme,
906000993558,Bambu HGR,United States,,Funding,,,,,,,,Geocoding 2013,,pbPDGDlWbw1,pbPDGDlWbw1,
906000993560,Dala ,United States,,Funding,,,,,,,,Geocoding 2013,,JvxtaMDJTi4,JvxtaMDJTi4,
906000993562,Kobu ,United States,,Funding,,,,,,,,Geocoding 2013,,F2039Nvkt47,F2039Nvkt47,
906000993564,Lalo ,United States,,Funding,,,,,,,,Geocoding 2013,,nKhIyMYgSuh,nKhIyMYgSuh,
906000993566,Nyangaray ,United States,,Funding,,,,,,,,Geocoding 2013,,R6K8ahNUabS,R6K8ahNUabS,
906000993568,TBD1 - Bambu,United States,,Funding,,,,,,,,Geocoding 2013,,ArkqFhPbOcy,ArkqFhPbOcy,
906000993570,TBD2- Bambu,United States,,Funding,,,,,,,,Geocoding 2013,,g6rSN9FkSFd,g6rSN9FkSFd,
906000993572,TBD3 - Bambu,United States,,Funding,,,,,,,,Geocoding 2013,,aAGlamvt0fJ,aAGlamvt0fJ,
906000993574,TBD4 - Bambu,United States,,Funding,,,,,,,,Geocoding 2013,,WKakrvN2rAU,WKakrvN2rAU,
906000993576,Adventiste Bunia,United States,,Funding,,,,,,,,Geocoding 2013,,iZ2KBRRDq5C,iZ2KBRRDq5C,
906000993578,Central,United States,,Funding,,,,,,,,Geocoding 2013,,apr84YqP9u2,apr84YqP9u2,
906000993580,Kindia,United States,,Funding,,,,,,,,Geocoding 2013,,IHXNRxY2Kmo,IHXNRxY2Kmo,
906000993582,Lembabo,United States,,Funding,,,,,,,,Geocoding 2013,,BGD6HP4pm3u,BGD6HP4pm3u,
906000993584,Ngezi/PNC,United States,,Funding,,,,,,,,Geocoding 2013,,FuGDjZUlAFF,FuGDjZUlAFF,
906000993586,Nyakasanza,United States,,Funding,,,,,,,,Geocoding 2013,,IPgaZKBVP2e,IPgaZKBVP2e,
906000993588,Simbiliabo,United States,,Funding,,,,,,,,Geocoding 2013,,IyFoE9YHdkw,IyFoE9YHdkw,
906000993590,TBD1 - Bunia,United States,,Funding,,,,,,,,Geocoding 2013,,z5W0iRS8X5k,z5W0iRS8X5k,
906000993592,TBD10 - Bunia,United States,,Funding,,,,,,,,Geocoding 2013,,cJhBCzd3u5U,cJhBCzd3u5U,
906000993594,TBD2 - Bunia,United States,,Funding,,,,,,,,Geocoding 2013,,Vm29SzNK4Nx,Vm29SzNK4Nx,
906000993596,TBD3 - Bunia,United States,,Funding,,,,,,,,Geocoding 2013,,wqZx3kji6sO,wqZx3kji6sO,
906000993598,TBD4 - Bunia,United States,,Funding,,,,,,,,Geocoding 2013,,KjJca5LgNTw,KjJca5LgNTw,
906000993600,TBD5 - Bunia,United States,,Funding,,,,,,,,Geocoding 2013,,WTTqa2kdnaH,WTTqa2kdnaH,
906000993602,TBD6 - Bunia,United States,,Funding,,,,,,,,Geocoding 2013,,bT26xSSzW5n,bT26xSSzW5n,
906000993604,TBD7 - Bunia,United States,,Funding,,,,,,,,Geocoding 2013,,kOnnQO8JoC4,kOnnQO8JoC4,
906000993606,TBD8 - Bunia,United States,,Funding,,,,,,,,Geocoding 2013,,nx7TUmqSgQw,nx7TUmqSgQw,
906000993608,TBD9 - Bunia,United States,,Funding,,,,,,,,Geocoding 2013,,ZwvaLKyQTeX,ZwvaLKyQTeX,
906000993610,Abelkozo  ,United States,,Funding,,,,,,,,Geocoding 2013,,oA6fBrPyksF,oA6fBrPyksF,
906000993612,Lodjo ,United States,,Funding,,,,,,,,Geocoding 2013,,FwQMZBGVjsp,FwQMZBGVjsp,
906000993614,Mongbwalu HGR,United States,,Funding,,,,,,,,Geocoding 2013,,RtXybbchwh6,RtXybbchwh6,
906000993616,Notre Dame de la Charite Maternelle ,United States,,Funding,,,,,,,,Geocoding 2013,,NGlLpzxlcyn,NGlLpzxlcyn,
906000993618,PLUTO ,United States,,Funding,,,,,,,,Geocoding 2013,,wfBhRpe3jv2,wfBhRpe3jv2,
906000993620,SAYO ,United States,,Funding,,,,,,,,Geocoding 2013,,aTlJMOCMdVP,aTlJMOCMdVP,
906000993622,TBD1 - Mongbwalu,United States,,Funding,,,,,,,,Geocoding 2013,,ZvG7CpQNCLe,ZvG7CpQNCLe,
906000993624,TBD2 - Mongbwalu,United States,,Funding,,,,,,,,Geocoding 2013,,yWr4mhYoik5,yWr4mhYoik5,
906000993626,TBD3 - Mongbwalu,United States,,Funding,,,,,,,,Geocoding 2013,,B0lbL9VqGza,B0lbL9VqGza,
906000993628,TBD4 - Mongbwalu,United States,,Funding,,,,,,,,Geocoding 2013,,D71GvzmVurz,D71GvzmVurz,
906000993630,Baimani ,United States,,Funding,,,,,,,,Geocoding 2013,,HD19sZfVCbR,HD19sZfVCbR,
906000993632,Communaute Emmanuel 39 Iga Bariere ,United States,,Funding,,,,,,,,Geocoding 2013,,qsA2gQ4Ziq3,qsA2gQ4Ziq3,
906000993634,Lopa ,United States,,Funding,,,,,,,,Geocoding 2013,,z0MHUSViB0i,z0MHUSViB0i,
906000993636,Nizi ,United States,,Funding,,,,,,,,Geocoding 2013,,BN338gBHGgx,BN338gBHGgx,
906000993638,Nizi HGR,United States,,Funding,,,,,,,,Geocoding 2013,,PRzerCk0tzx,PRzerCk0tzx,
906000993640,TBD1 - Nizi,United States,,Funding,,,,,,,,Geocoding 2013,,QHZ4fOl0oO0,QHZ4fOl0oO0,
906000993642,TBD2 - Nizi,United States,,Funding,,,,,,,,Geocoding 2013,,ywK0ZDUVly8,ywK0ZDUVly8,
906000993644,TBD3 - Nizi,United States,,Funding,,,,,,,,Geocoding 2013,,FYLZ8flnFlJ,FYLZ8flnFlJ,
906000993646,TBD4 - Nizi,United States,,Funding,,,,,,,,Geocoding 2013,,a4CzRQDgfKU,a4CzRQDgfKU,
906000993648,Adventisite Bunia,United States,,Funding,,,,,,,,Geocoding 2013,,sYNOJFUj063,sYNOJFUj063,
906000993650,Bigo ,United States,,Funding,,,,,,,,Geocoding 2013,,gCyk2Iw432Q,gCyk2Iw432Q,
906000993652,Bora Uzima,United States,,Funding,,,,,,,,Geocoding 2013,,K4NnAfdL1iS,K4NnAfdL1iS,
906000993654,Bunia Cite ,United States,,Funding,,,,,,,,Geocoding 2013,,WYOBEz4881o,WYOBEz4881o,
906000993656,CNCA ,United States,,Funding,,,,,,,,Geocoding 2013,,BrZifYEXjUT,BrZifYEXjUT,
906000993658,Central,United States,,Funding,,,,,,,,Geocoding 2013,,u2DhZm4PzTq,u2DhZm4PzTq,
906000993660,Kindia,United States,,Funding,,,,,,,,Geocoding 2013,,MKKAGFpsVRP,MKKAGFpsVRP,
906000993662,Lembabo,United States,,Funding,,,,,,,,Geocoding 2013,,HSb8DIgCDjR,HSb8DIgCDjR,
906000993664,Ngezi/PNC,United States,,Funding,,,,,,,,Geocoding 2013,,LcNUyIRSw9S,LcNUyIRSw9S,
906000993666,Nyakasanza,United States,,Funding,,,,,,,,Geocoding 2013,,ae0BILTPgzn,ae0BILTPgzn,
906000993668,Simbiliabo,United States,,Funding,,,,,,,,Geocoding 2013,,iv3RxfdPxdD,iv3RxfdPxdD,
906000993670,Barazana ,United States,,Funding,,,,,,,,Geocoding 2013,,l6YYxLEx2GP,l6YYxLEx2GP,
906000993672,Deie ,United States,,Funding,,,,,,,,Geocoding 2013,,v74fbK7M6hR,v74fbK7M6hR,
906000993674,Kunda ,United States,,Funding,,,,,,,,Geocoding 2013,,BbFB0tVZINV,BbFB0tVZINV,
906000993676,Mwanga ,United States,,Funding,,,,,,,,Geocoding 2013,,RYKzqsPX8GD,RYKzqsPX8GD,
906000993678,Rwampara HGR,United States,,Funding,,,,,,,,Geocoding 2013,,d1d7KEZgHeZ,d1d7KEZgHeZ,
906000993680,TBD1 - Rwampara,United States,,Funding,,,,,,,,Geocoding 2013,,qCCQ6yHcCkC,qCCQ6yHcCkC,
906000993682,TBD2 - Rwampara,United States,,Funding,,,,,,,,Geocoding 2013,,RfLibDdyQ8i,RfLibDdyQ8i,
906000993684,TBD3 - Rwampara,United States,,Funding,,,,,,,,Geocoding 2013,,FvKUhvfb88b,FvKUhvfb88b,
906000993686,TBD4 - Rwampara,United States,,Funding,,,,,,,,Geocoding 2013,,tL14s9W147Z,tL14s9W147Z,
906000993688,Anr,United States,,Funding,,,,,,,,Geocoding 2013,,vLtuZeZ4GV0,vLtuZeZ4GV0,
906000993690,Ararat,United States,,Funding,,,,,,,,Geocoding 2013,,TINBR3DSIlZ,TINBR3DSIlZ,
906000993692,Centre De Transfusion Sanguine,United States,,Funding,,,,,,,,Geocoding 2013,,BJTBxIUyKb8,BJTBxIUyKb8,
906000993694,Compassion,United States,,Funding,,,,,,,,Geocoding 2013,,pacShub2G3Y,pacShub2G3Y,
906000993696,Hope Medical,United States,,Funding,,,,,,,,Geocoding 2013,,FyzAz9jR6Fr,FyzAz9jR6Fr,
906000993698,Kimbanza,United States,,Funding,,,,,,,,Geocoding 2013,,G76R81cEwiu,G76R81cEwiu,
906000993700,Libikisi,United States,,Funding,,,,,,,,Geocoding 2013,,Uk9nasgeiIS,Uk9nasgeiIS,
906000993702,Mangembo,United States,,Funding,,,,,,,,Geocoding 2013,,e6c0ABiPQNC,e6c0ABiPQNC,
906000993704,Patience Medicale,United States,,Funding,,,,,,,,Geocoding 2013,,jDaHkJCJyzx,jDaHkJCJyzx,
906000993706,Riviera,United States,,Funding,,,,,,,,Geocoding 2013,,VdOQBLsNbPQ,VdOQBLsNbPQ,
906000993708,Tshisuaka,United States,,Funding,,,,,,,,Geocoding 2013,,tx5B2cyTSjf,tx5B2cyTSjf,
906000993710,Anamed,United States,,Funding,,,,,,,,Geocoding 2013,,sTDAQHvIKIV,sTDAQHvIKIV,
906000993712,Bumbu CME,United States,,Funding,,,,,,,,Geocoding 2013,,bhJOcDH6dWF,bhJOcDH6dWF,
906000993714,CBCO Barel,United States,,Funding,,,,,,,,Geocoding 2013,,eYcFbb5oMBI,eYcFbb5oMBI,
906000993716,La Grace Medicale -Bumbu,United States,,Funding,,,,,,,,Geocoding 2013,,Eui5bVyCQAp,Eui5bVyCQAp,
906000993718,Libondi ,United States,,Funding,,,,,,,,Geocoding 2013,,xOGtsow3v3n,xOGtsow3v3n,
906000993720,Siloe - Bumbu ,United States,,Funding,,,,,,,,Geocoding 2013,,v48USnRTqrX,v48USnRTqrX,
906000993722,Bondeko  - Kalamu1 ,United States,,Funding,,,,,,,,Geocoding 2013,,aNXS943lsof,aNXS943lsof,
906000993724,Centre BiomeMedicale de Matonge ,United States,,Funding,,,,,,,,Geocoding 2013,,Pt3pZRenoHC,Pt3pZRenoHC,
906000993726,Centre IST Matonge,United States,,Funding,,,,,,,,Geocoding 2013,,xHi9yBoP2rF,xHi9yBoP2rF,
906000993728,Fondation Lisalisi,United States,,Funding,,,,,,,,Geocoding 2013,,FOnUtDzAxcK,FOnUtDzAxcK,
906000993730,Kauka 2 CM,United States,,Funding,,,,,,,,Geocoding 2013,,B3kmocUaM6A,B3kmocUaM6A,
906000993732,Onatra - Kalamu1 Hopital,United States,,Funding,,,,,,,,Geocoding 2013,,t9emPDxpJlR,t9emPDxpJlR,
906000993734,Akram Bongolo,United States,,Funding,,,,,,,,Geocoding 2013,,WwsPMRGWZ2c,WwsPMRGWZ2c,
906000993736,Bien Etre Familial,United States,,Funding,,,,,,,,Geocoding 2013,,IFCnHxoRtMZ,IFCnHxoRtMZ,
906000993738,Bon Berger 2 - Kalamu2,United States,,Funding,,,,,,,,Geocoding 2013,,pZVNBJhQlJp,pZVNBJhQlJp,
906000993740,Centre Medical de l'Anemie SS,United States,,Funding,,,,,,,,Geocoding 2013,,JWGgz273wnf,JWGgz273wnf,
906000993742,Centre Medical de l'Anemie SS,United States,,Funding,,,,,,,,Geocoding 2013,,I9GSgKdjKWQ,I9GSgKdjKWQ,
906000993744,Kalamu Medical Center - Kalamu2,United States,,Funding,,,,,,,,Geocoding 2013,,AZ2P7XVgSXH,AZ2P7XVgSXH,
906000993746,Mav Espoir,United States,,Funding,,,,,,,,Geocoding 2013,,gS1d6xZMSkL,gS1d6xZMSkL,
906000993748,Presbyterien Kasonga (CHK),United States,,Funding,,,,,,,,Geocoding 2013,,z1m77GyvVrs,z1m77GyvVrs,
906000993750,Anciens Combattants ,United States,,Funding,,,,,,,,Geocoding 2013,,wGe0LSdww6Z,wGe0LSdww6Z,
906000993752,Bon Berger Polyclinique,United States,,Funding,,,,,,,,Geocoding 2013,,nIllmN7hR7W,nIllmN7hR7W,
906000993754,Bwanya,United States,,Funding,,,,,,,,Geocoding 2013,,QJk5E7AcuW2,QJk5E7AcuW2,
906000993756,CASOP,United States,,Funding,,,,,,,,Geocoding 2013,,l19LlqtS9yY,l19LlqtS9yY,
906000993758,Clinique Des Anges -Kasa-Vubu,United States,,Funding,,,,,,,,Geocoding 2013,,P347ys8MMrT,P347ys8MMrT,
906000993760,Esprosa ,United States,,Funding,,,,,,,,Geocoding 2013,,XA4Txb1GgyN,XA4Txb1GgyN,
906000993762,Mama Pamela CH,United States,,Funding,,,,,,,,Geocoding 2013,,uXbxJftgXjY,uXbxJftgXjY,
906000993764,Sonal,United States,,Funding,,,,,,,,Geocoding 2013,,zDQHrRjZYyR,zDQHrRjZYyR,
906000993766,Trinite - Kasa-Vubu CM,United States,,Funding,,,,,,,,Geocoding 2013,,RV16Knzab6j,RV16Knzab6j,
906000993768,PIR Victoire,United States,,Funding,,,,,,,,Geocoding 2013,,v773khcP7KK,v773khcP7KK,
906000993770,Barumbu CME,United States,,Funding,,,,,,,,Geocoding 2013,,fI0EkOM1tTm,fI0EkOM1tTm,
906000993772,Itaga ,United States,,Funding,,,,,,,,Geocoding 2013,,ejdlw9Pc2uL,ejdlw9Pc2uL,
906000993774,Mongala - Kinshasa,United States,,Funding,,,,,,,,Geocoding 2013,,KCZrcu0qFQ8,KCZrcu0qFQ8,
906000993776,OSD Clinic,United States,,Funding,,,,,,,,Geocoding 2013,,WZmB0M5ybmn,WZmB0M5ybmn,
906000993778,St Pierre - Kinshasa ,United States,,Funding,,,,,,,,Geocoding 2013,,jGF15oFrdOu,jGF15oFrdOu,
906000993780,Kin-Clinic,United States,,Funding,,,,,,,,Geocoding 2013,,aM0HWGElUDP,aM0HWGElUDP,
906000993782,Mobokoli,United States,,Funding,,,,,,,,Geocoding 2013,,R0mnoAB59Dn,R0mnoAB59Dn,
906000993784,Ngondo Maria,United States,,Funding,,,,,,,,Geocoding 2013,,tnYuo0z8AWU,tnYuo0z8AWU,
906000993786,Selo ,United States,,Funding,,,,,,,,Geocoding 2013,,I8pNOgV9G1r,I8pNOgV9G1r,
906000993788,Setas ,United States,,Funding,,,,,,,,Geocoding 2013,,fJ2ueEVRUvx,fJ2ueEVRUvx,
906000993790,St Clement,United States,,Funding,,,,,,,,Geocoding 2013,,WRHQU97k9FI,WRHQU97k9FI,
906000993792,Ndjombo,United States,,Funding,,,,,,,,Geocoding 2013,,HwmXrDbTcFo,HwmXrDbTcFo,
906000993794,Ngiri-Ngiri CH,United States,,Funding,,,,,,,,Geocoding 2013,,wfqEUq55XYO,wfqEUq55XYO,
906000993796,Bolingo Ngiri-Ngiri CH,United States,,Funding,,,,,,,,Geocoding 2013,,Y0rM18xNp03,Y0rM18xNp03,
906000993798,Omeco Yangambi,United States,,Funding,,,,,,,,Geocoding 2013,,QaT7dnNAp7G,QaT7dnNAp7G,
906000993800,Polyclinique de Ngiri-Ngiri,United States,,Funding,,,,,,,,Geocoding 2013,,JF25kAMx3cM,JF25kAMx3cM,
906000993802,Bakidi,United States,,Funding,,,,,,,,Geocoding 2013,,ojMhUhn81ZR,ojMhUhn81ZR,
906000993804,Centre Penitentiaire et de Rehabiltiation de Kinshasa- CPRK - Makala,United States,,Funding,,,,,,,,Geocoding 2013,,GEsVFTeWhxg,GEsVFTeWhxg,
906000993806,Delivrance,United States,,Funding,,,,,,,,Geocoding 2013,,bWhdWDbyorl,bWhdWDbyorl,
906000993808,Makala HGR,United States,,Funding,,,,,,,,Geocoding 2013,,v1xaUe8xyZW,v1xaUe8xyZW,
906000993810,Ste Anne ,United States,,Funding,,,,,,,,Geocoding 2013,,RlbA7laxTfj,RlbA7laxTfj,
906000993812,Libikisi,United States,,Funding,,,,,,,,Geocoding 2013,,bcDwJYQJpoO,bcDwJYQJpoO,
906000993814,Boyambi ,United States,,Funding,,,,,,,,Geocoding 2013,,pakjh4ImfVy,pakjh4ImfVy,
906000993816,Charite CH,United States,,Funding,,,,,,,,Geocoding 2013,,AZDuSn70hh9,AZDuSn70hh9,
906000993818,Kalamu Medical Center - Barumbu,United States,,Funding,,,,,,,,Geocoding 2013,,ZF4ObzbLx64,ZF4ObzbLx64,
906000993820,Kasai ,United States,,Funding,,,,,,,,Geocoding 2013,,p0Y3TzVzl2v,p0Y3TzVzl2v,
906000993822,Morija CH,United States,,Funding,,,,,,,,Geocoding 2013,,sZDV6ReD0lL,sZDV6ReD0lL,
906000993824,Race Benie,United States,,Funding,,,,,,,,Geocoding 2013,,tcbP22ddgbd,tcbP22ddgbd,
906000993826,Scibe Congo ,United States,,Funding,,,,,,,,Geocoding 2013,,e8KWgvg4aKz,e8KWgvg4aKz,
906000993828,Zainabia - Barumbu,United States,,Funding,,,,,,,,Geocoding 2013,,E91x7kuczT1,E91x7kuczT1,
906000993830,Force Navale CM,United States,,Funding,,,,,,,,Geocoding 2013,,CPokcJp5MZs,CPokcJp5MZs,
906000993832,Mbaki - Ndolo CM,United States,,Funding,,,,,,,,Geocoding 2013,,N0ZTxH6QCUP,N0ZTxH6QCUP,
906000993834,Kasa-Vubu ,United States,,Funding,,,,,,,,Geocoding 2013,,WGkhTclMK4U,WGkhTclMK4U,
906000993836,Omo ,United States,,Funding,,,,,,,,Geocoding 2013,,bNUBa4Uk8jZ,bNUBa4Uk8jZ,
906000993838,Palais de Marbre CM,United States,,Funding,,,,,,,,Geocoding 2013,,zWJTKaAtT1H,zWJTKaAtT1H,
906000993840,Panzi Medical ,United States,,Funding,,,,,,,,Geocoding 2013,,IMSWz4ZSAKw,IMSWz4ZSAKw,
906000993842,Bolingani-Ozone CM,United States,,Funding,,,,,,,,Geocoding 2013,,AbRJ3ExMwqt,AbRJ3ExMwqt,
906000993844,Bubazaya ,United States,,Funding,,,,,,,,Geocoding 2013,,ch7DLArioSa,ch7DLArioSa,
906000993846,Camp Munganga,United States,,Funding,,,,,,,,Geocoding 2013,,fhmdjmyYonF,fhmdjmyYonF,
906000993848,Cite des Anciens Combattants,United States,,Funding,,,,,,,,Geocoding 2013,,HTBugFYYjDp,HTBugFYYjDp,
906000993850,Elisabeth Akhatshi CM,United States,,Funding,,,,,,,,Geocoding 2013,,PlRM5VLGoQU,PlRM5VLGoQU,
906000993852,Kinsuka pecheurs,United States,,Funding,,,,,,,,Geocoding 2013,,M14T9VdAZ44,M14T9VdAZ44,
906000993854,Lukunga,United States,,Funding,,,,,,,,Geocoding 2013,,MnriMXsiL9a,MnriMXsiL9a,
906000993856,Maman Yemo,United States,,Funding,,,,,,,,Geocoding 2013,,QeP8p9o80cr,QeP8p9o80cr,
906000993858,Mfinda,United States,,Funding,,,,,,,,Geocoding 2013,,Fti8jBNJ3fk,Fti8jBNJ3fk,
906000993860,Musey,United States,,Funding,,,,,,,,Geocoding 2013,,Pxupiv3mcoF,Pxupiv3mcoF,
906000993862,Paul Medical Center CM,United States,,Funding,,,,,,,,Geocoding 2013,,qqmgpSV2EsB,qqmgpSV2EsB,
906000993864,Siloe - Ozone CM,United States,,Funding,,,,,,,,Geocoding 2013,,jqqHp393ePE,jqqHp393ePE,
906000993866,Akhenathon CM,United States,,Funding,,,,,,,,Geocoding 2013,,tF3ZNTAsCk8,tF3ZNTAsCk8,
906000993868,Akram GOMBE,United States,,Funding,,,,,,,,Geocoding 2013,,UV8wNpRdCm5,UV8wNpRdCm5,
906000993870,Haut-Commandement CM,United States,,Funding,,,,,,,,Geocoding 2013,,harzwESp9Iz,harzwESp9Iz,
906000993872,Hopital General Provincial de Reference de Kinshasa,United States,,Funding,,,,,,,,Geocoding 2013,,lQMrRcwb1Nc,lQMrRcwb1Nc,
906000993874,Laboratoire De Reference Du SIDA,United States,,Funding,,,,,,,,Geocoding 2013,,JETDsmYAPAX,JETDsmYAPAX,
906000993876,Laboratoire Institut National de Recherches Biomedicales (INRB),United States,,Funding,,,,,,,,Geocoding 2013,,XdDjVCinOlp,XdDjVCinOlp,
906000993878,Mongala - Gombe CM,United States,,Funding,,,,,,,,Geocoding 2013,,faJ0GmaPix2,faJ0GmaPix2,
906000993880,Ngaliema CL,United States,,Funding,,,,,,,,Geocoding 2013,,iehl0t1rwoL,iehl0t1rwoL,
906000993882,Office Congolais de Controle CM,United States,,Funding,,,,,,,,Geocoding 2013,,lRkkZ9Wp13X,lRkkZ9Wp13X,
906000993884,Laboratoire De Reference Du SIDA,United States,,Funding,,,,,,,,Geocoding 2013,,ol2nb33O0yk,ol2nb33O0yk,
906000993886,Kikimi ,United States,,Funding,,,,,,,,Geocoding 2013,,VNukpa6si41,VNukpa6si41,
906000993888,Ngapani ,United States,,Funding,,,,,,,,Geocoding 2013,,oNfRqDOhfAm,oNfRqDOhfAm,
906000993890,Trinit Kivuvu ,United States,,Funding,,,,,,,,Geocoding 2013,,dGg906ARbzA,dGg906ARbzA,
906000993892,Bolingani - Kingasani ,United States,,Funding,,,,,,,,Geocoding 2013,,Ka1zT3c5Yzk,Ka1zT3c5Yzk,
906000993894,Light ,United States,,Funding,,,,,,,,Geocoding 2013,,lAwJj5fB261,lAwJj5fB261,
906000993896,TBD1 - Kingasani,United States,,Funding,,,,,,,,Geocoding 2013,,YdL4Sv9mzLP,YdL4Sv9mzLP,
906000993898,Akram Kintambo,United States,,Funding,,,,,,,,Geocoding 2013,,cKtzgXJFxuT,cKtzgXJFxuT,
906000993900,CBCO - Kintambo ,United States,,Funding,,,,,,,,Geocoding 2013,,OQAlbNLgwat,OQAlbNLgwat,
906000993902,Kimia,United States,,Funding,,,,,,,,Geocoding 2013,,Wu4BFzuogPb,Wu4BFzuogPb,
906000993904,Kintambo HGR,United States,,Funding,,,,,,,,Geocoding 2013,,Vx7LxeEEMHW,Vx7LxeEEMHW,
906000993906,Kintambo Maternite,United States,,Funding,,,,,,,,Geocoding 2013,,SYuGUKBZBFF,SYuGUKBZBFF,
906000993908,Nganda Clinique,United States,,Funding,,,,,,,,Geocoding 2013,,nTgEW48tlis,nTgEW48tlis,
906000993910,Obed ,United States,,Funding,,,,,,,,Geocoding 2013,,OYbdbGBKRM7,OYbdbGBKRM7,
906000993912,Kabinda CH,United States,,Funding,,,,,,,,Geocoding 2013,,hE7fj4K5uaA,hE7fj4K5uaA,
906000993914,Kalembe-Lembe HP,United States,,Funding,,,,,,,,Geocoding 2013,,pl9kU27Sqed,pl9kU27Sqed,
906000993916,Kitega ,United States,,Funding,,,,,,,,Geocoding 2013,,yXoXTlZwNau,yXoXTlZwNau,
906000993918,TBD1 - Lingwala,United States,,Funding,,,,,,,,Geocoding 2013,,xmrNOoQ8Gzj,xmrNOoQ8Gzj,
906000993920,TBD2 - Lingwala,United States,,Funding,,,,,,,,Geocoding 2013,,JLlbW5g0mN8,JLlbW5g0mN8,
906000993922,TBD3 - Lingwala,United States,,Funding,,,,,,,,Geocoding 2013,,agKT2VDGRJY,agKT2VDGRJY,
906000993924,TBD4 - Lingwala,United States,,Funding,,,,,,,,Geocoding 2013,,yb3u5XvKWpZ,yb3u5XvKWpZ,
906000993926,Vijana ,United States,,Funding,,,,,,,,Geocoding 2013,,rwpENEMMpoa,rwpENEMMpoa,
906000993928,Lufungula,United States,,Funding,,,,,,,,Geocoding 2013,,TXHfN2CHtTC,TXHfN2CHtTC,
906000993930,Kimbangu CH,United States,,Funding,,,,,,,,Geocoding 2013,,Yhq7Zgv8IjQ,Yhq7Zgv8IjQ,
906000993932,Matadi Mayo ,United States,,Funding,,,,,,,,Geocoding 2013,,xd1mxY5ARO5,xd1mxY5ARO5,
906000993934,Monkole HGR,United States,,Funding,,,,,,,,Geocoding 2013,,hwtQJDLHLTC,hwtQJDLHLTC,
906000993936,Rene Deheas CH,United States,,Funding,,,,,,,,Geocoding 2013,,GwoD2rHJ8Pn,GwoD2rHJ8Pn,
906000993938,Ste Rita - Mont-Ngafula1 CM,United States,,Funding,,,,,,,,Geocoding 2013,,RXlQcHbTLQK,RXlQcHbTLQK,
906000993940,Environnement et Sante,United States,,Funding,,,,,,,,Geocoding 2013,,gXhzZ0gT5ay,gXhzZ0gT5ay,
906000993942,Mambre ,United States,,Funding,,,,,,,,Geocoding 2013,,gkvoKi8rPBc,gkvoKi8rPBc,
906000993944,Mitendi,United States,,Funding,,,,,,,,Geocoding 2013,,GsVIE7klUZQ,GsVIE7klUZQ,
906000993946,Pre Nsadi  ,United States,,Funding,,,,,,,,Geocoding 2013,,GiZKHGgDMoG,GiZKHGgDMoG,
906000993948,TBD1 - Mont-Ngafula2,United States,,Funding,,,,,,,,Geocoding 2013,,pzrCzlZ0lAf,pzrCzlZ0lAf,
906000993950,TBD2 - Mont-Ngafula2,United States,,Funding,,,,,,,,Geocoding 2013,,HjXDIbGfctD,HjXDIbGfctD,
906000993952,Edith Cavell CM,United States,,Funding,,,,,,,,Geocoding 2013,,BkACxz4MQSs,BkACxz4MQSs,
906000993954,Kasongo,United States,,Funding,,,,,,,,Geocoding 2013,,J8isOUhFTop,J8isOUhFTop,
906000993956,La Borne,United States,,Funding,,,,,,,,Geocoding 2013,,qLVXOqC89er,qLVXOqC89er,
906000993958,Binza -Maternite,United States,,Funding,,,,,,,,Geocoding 2013,,H5585FRfkFT,H5585FRfkFT,
906000993960,Aprodi CH,United States,,Funding,,,,,,,,Geocoding 2013,,SccbWdjaDAB,SccbWdjaDAB,
906000993962,Des Anges Clinique VIP,United States,,Funding,,,,,,,,Geocoding 2013,,XZFZQUoZu2L,XZFZQUoZu2L,
906000993964,ECC Mapasa,United States,,Funding,,,,,,,,Geocoding 2013,,v0IyIzkKwFI,v0IyIzkKwFI,
906000993966,Kinkenda,United States,,Funding,,,,,,,,Geocoding 2013,,FU0QT15MNwh,FU0QT15MNwh,
906000993968,Mwinda ,United States,,Funding,,,,,,,,Geocoding 2013,,P0rbWPl7m6y,P0rbWPl7m6y,
906000993970,Shalom - Meteo ,United States,,Funding,,,,,,,,Geocoding 2013,,uvTFcM9Nzc8,uvTFcM9Nzc8,
906000993972,St Sacrement ,United States,,Funding,,,,,,,,Geocoding 2013,,QpJn4kdw0uF,QpJn4kdw0uF,
906000993974,TBD1 - Binza-Meteo,United States,,Funding,,,,,,,,Geocoding 2013,,zaZIf1J5GUT,zaZIf1J5GUT,
906000993976,TBD2 - Binza-Meteo,United States,,Funding,,,,,,,,Geocoding 2013,,Bbd2pfA0wfJ,Bbd2pfA0wfJ,
906000993978,TBD3 - Binza-Meteo,United States,,Funding,,,,,,,,Geocoding 2013,,CX23lTcsOph,CX23lTcsOph,
906000993980,TBD4 - Binza-Meteo,United States,,Funding,,,,,,,,Geocoding 2013,,BInUmTa4PEH,BInUmTa4PEH,
906000993982,Bolingo-Ozone,United States,,Funding,,,,,,,,Geocoding 2013,,uTpUalmwmX6,uTpUalmwmX6,
906000993984,Celpa - Ozone CM,United States,,Funding,,,,,,,,Geocoding 2013,,ZzekHg1dAyK,ZzekHg1dAyK,
906000993986,Clinique IK,United States,,Funding,,,,,,,,Geocoding 2013,,nlmoEzNkXIZ,nlmoEzNkXIZ,
906000993988,Galilee ,United States,,Funding,,,,,,,,Geocoding 2013,,WH9lpMcwF5z,WH9lpMcwF5z,
906000993990,Lukunga ,United States,,Funding,,,,,,,,Geocoding 2013,,DJtAmJXnE4b,DJtAmJXnE4b,
906000993992,Luyindu CH,United States,,Funding,,,,,,,,Geocoding 2013,,hKhA8V95ccl,hKhA8V95ccl,
906000993994,Mfinda,United States,,Funding,,,,,,,,Geocoding 2013,,A8zp6sc4fe9,A8zp6sc4fe9,
906000993996,Polyclinique St Joseph,United States,,Funding,,,,,,,,Geocoding 2013,,kVEbVWNp8Gz,kVEbVWNp8Gz,
906000993998,St Christophe,United States,,Funding,,,,,,,,Geocoding 2013,,RlSmEh5BZjp,RlSmEh5BZjp,
906000994000,Tshatshi CH,United States,,Funding,,,,,,,,Geocoding 2013,,KQUH4BqHQ1u,KQUH4BqHQ1u,
906000994002,Amba ,United States,,Funding,,,,,,,,Geocoding 2013,,RNQBYOpLbW6,RNQBYOpLbW6,
906000994004,Esengo - Kisenso,United States,,Funding,,,,,,,,Geocoding 2013,,yaU2DgynIgj,yaU2DgynIgj,
906000994006,Kisenso CHE,United States,,Funding,,,,,,,,Geocoding 2013,,dLDzxs8nOcG,dLDzxs8nOcG,
906000994008,Liberation ,United States,,Funding,,,,,,,,Geocoding 2013,,ar2kPQnvkEu,ar2kPQnvkEu,
906000994010,Maternite Caideco,United States,,Funding,,,,,,,,Geocoding 2013,,FzE5nj7tA15,FzE5nj7tA15,
906000994012,Mayika ,United States,,Funding,,,,,,,,Geocoding 2013,,c4ILX7GeMe7,c4ILX7GeMe7,
906000994014,Misericorde CM,United States,,Funding,,,,,,,,Geocoding 2013,,T7Hkt2NWs8u,T7Hkt2NWs8u,
906000994016,Mushie ,United States,,Funding,,,,,,,,Geocoding 2013,,UqAVRVtm0MZ,UqAVRVtm0MZ,
906000994018,Revelation,United States,,Funding,,,,,,,,Geocoding 2013,,gOn3ZiTlaQ6,gOn3ZiTlaQ6,
906000994020,Revolution ,United States,,Funding,,,,,,,,Geocoding 2013,,h1JVC7BWpeG,h1JVC7BWpeG,
906000994022,St Ambroise,United States,,Funding,,,,,,,,Geocoding 2013,,iPj6uYusI7I,iPj6uYusI7I,
906000994024,Alice Mulanga ,United States,,Funding,,,,,,,,Geocoding 2013,,pmC5EFcqhsv,pmC5EFcqhsv,
906000994026,Benedict ,United States,,Funding,,,,,,,,Geocoding 2013,,wFm0TLeUQ12,wFm0TLeUQ12,
906000994028,Bon Berger - Lemba CH,United States,,Funding,,,,,,,,Geocoding 2013,,bRleww2oEXz,bRleww2oEXz,
906000994030,Caideco ,United States,,Funding,,,,,,,,Geocoding 2013,,D1GyBvto1IU,D1GyBvto1IU,
906000994032,Cliniques Univeristaires de Kinshasa (CUK),United States,,Funding,,,,,,,,Geocoding 2013,,ur1Y4wH787C,ur1Y4wH787C,
906000994034,ELIMO SANTU ,United States,,Funding,,,,,,,,Geocoding 2013,,wwcza9ipMtN,wwcza9ipMtN,
906000994036,El Roi,United States,,Funding,,,,,,,,Geocoding 2013,,tKZLE8bmDYS,tKZLE8bmDYS,
906000994038,Elikya ,United States,,Funding,,,,,,,,Geocoding 2013,,Iv6ORAzwgQM,Iv6ORAzwgQM,
906000994040,La Colombe ,United States,,Funding,,,,,,,,Geocoding 2013,,TDtxxRub1Q6,TDtxxRub1Q6,
906000994042,Lisanga ,United States,,Funding,,,,,,,,Geocoding 2013,,t4UBq7hf9wS,t4UBq7hf9wS,
906000994044,Mont-Amba CH,United States,,Funding,,,,,,,,Geocoding 2013,,zFEyqUJPixg,zFEyqUJPixg,
906000994046,Poly Fam,United States,,Funding,,,,,,,,Geocoding 2013,,LuPY3fc6ydl,LuPY3fc6ydl,
906000994048,St GABRIEL,United States,,Funding,,,,,,,,Geocoding 2013,,BV4buzBTqqs,BV4buzBTqqs,
906000994050,Ste RITA  - Lemba ,United States,,Funding,,,,,,,,Geocoding 2013,,s4JUML7VBiK,s4JUML7VBiK,
906000994052,Union Medicale,United States,,Funding,,,,,,,,Geocoding 2013,,SEXKqCXEBEH,SEXKqCXEBEH,
906000994054,Kokolo (Ft Kokolo) ,United States,,Funding,,,,,,,,Geocoding 2013,,Ub0X8XxSqsU,Ub0X8XxSqsU,
906000994056,Bolia ,United States,,Funding,,,,,,,,Geocoding 2013,,EJuGQzUfWgQ,EJuGQzUfWgQ,
906000994058,Casi ,United States,,Funding,,,,,,,,Geocoding 2013,,NvK5DD9iNQp,NvK5DD9iNQp,
906000994060,Christ Roi ,United States,,Funding,,,,,,,,Geocoding 2013,,r9YI3Bqehnl,r9YI3Bqehnl,
906000994062,Lunionzo ,United States,,Funding,,,,,,,,Geocoding 2013,,DE5CT2D1HVL,DE5CT2D1HVL,
906000994064,Matete CHR,United States,,Funding,,,,,,,,Geocoding 2013,,s4wAXpCrcE0,s4wAXpCrcE0,
906000994066,Maziba ,United States,,Funding,,,,,,,,Geocoding 2013,,sg3ZN04YF0b,sg3ZN04YF0b,
906000994068,Meravie ,United States,,Funding,,,,,,,,Geocoding 2013,,IHBbGwK4J0C,IHBbGwK4J0C,
906000994070,Mokengeli,United States,,Funding,,,,,,,,Geocoding 2013,,INbMfQD4r19,INbMfQD4r19,
906000994072,St Alphonse ,United States,,Funding,,,,,,,,Geocoding 2013,,MWypI6KEma0,MWypI6KEma0,
906000994074,St Raymond - Matete,United States,,Funding,,,,,,,,Geocoding 2013,,uvHjPNRVElj,uvHjPNRVElj,
906000994076,TBD1 - Matete,United States,,Funding,,,,,,,,Geocoding 2013,,apwdqCJNObl,apwdqCJNObl,
906000994078,TBD2 - Matete,United States,,Funding,,,,,,,,Geocoding 2013,,cK6Wa1G6ejz,cK6Wa1G6ejz,
906000994080,TBD3 - Matete,United States,,Funding,,,,,,,,Geocoding 2013,,PuzaDLjRJjO,PuzaDLjRJjO,
906000994082,TBD4 - Matete,United States,,Funding,,,,,,,,Geocoding 2013,,NqZdzOO3ngY,NqZdzOO3ngY,
906000994084,Vitamine,United States,,Funding,,,,,,,,Geocoding 2013,,mAq1U4Lz3wg,mAq1U4Lz3wg,
906000994086,Kabila ,United States,,Funding,,,,,,,,Geocoding 2013,,c24D8R0zfKp,c24D8R0zfKp,
906000994088,Matete (IPK) Inspection Provinciale Kinshasa,United States,,Funding,,,,,,,,Geocoding 2013,,fjJtlkHt3DL,fjJtlkHt3DL,
906000994090,Badiadingi CH,United States,,Funding,,,,,,,,Geocoding 2013,,Wq3CgGHNGfP,Wq3CgGHNGfP,
906000994092,Lisungi,United States,,Funding,,,,,,,,Geocoding 2013,,zYy8rXgZB5m,zYy8rXgZB5m,
906000994094,Mama Mosalisi ,United States,,Funding,,,,,,,,Geocoding 2013,,Tm5k3AkRgCE,Tm5k3AkRgCE,
906000994096,Mater Dei,United States,,Funding,,,,,,,,Geocoding 2013,,DgYcrgp3Le2,DgYcrgp3Le2,
906000994098,Fatima ,United States,,Funding,,,,,,,,Geocoding 2013,,HYtpqPcBme8,HYtpqPcBme8,
906000994100,Kindele ,United States,,Funding,,,,,,,,Geocoding 2013,,nzPS8cqLtKy,nzPS8cqLtKy,
906000994102,La Providence St Joseph,United States,,Funding,,,,,,,,Geocoding 2013,,lxzrqXbb7gJ,lxzrqXbb7gJ,
906000994104,Mawagali,United States,,Funding,,,,,,,,Geocoding 2013,,xdlqxjkrzq5,xdlqxjkrzq5,
906000994106,Notre-Dame La Providence,United States,,Funding,,,,,,,,Geocoding 2013,,bHawQ6OclOP,bHawQ6OclOP,
906000994108,Jeedds Center,United States,,Funding,,,,,,,,Geocoding 2013,,mN20rUQ26zP,mN20rUQ26zP,
906000994110,Kimbondo HP,United States,,Funding,,,,,,,,Geocoding 2013,,WH3MM4UmcIu,WH3MM4UmcIu,
906000994112,Kimbuala ,United States,,Funding,,,,,,,,Geocoding 2013,,FYFZ7ZC0gcT,FYFZ7ZC0gcT,
906000994114,St Vincent De Paul  Kin,United States,,Funding,,,,,,,,Geocoding 2013,,dIMmF5WSLBn,dIMmF5WSLBn,
906000994116,Agape ,United States,,Funding,,,,,,,,Geocoding 2013,,e65zIEbCoXP,e65zIEbCoXP,
906000994118,Baobab ,United States,,Funding,,,,,,,,Geocoding 2013,,ytYZZ6XABUO,ytYZZ6XABUO,
906000994120,Emeraude - Ngaba Clinique,United States,,Funding,,,,,,,,Geocoding 2013,,jGIrS7WP6sH,jGIrS7WP6sH,
906000994122,Gloria CM,United States,,Funding,,,,,,,,Geocoding 2013,,hYFmmXYE2KB,hYFmmXYE2KB,
906000994124,Le Rocher ,United States,,Funding,,,,,,,,Geocoding 2013,,qW2COuFbl2f,qW2COuFbl2f,
906000994126,Mobengi ,United States,,Funding,,,,,,,,Geocoding 2013,,o4qOSBoaENv,o4qOSBoaENv,
906000994128,Mokulua Maternite,United States,,Funding,,,,,,,,Geocoding 2013,,m8hLPjZGwuB,m8hLPjZGwuB,
906000994130,Mpila ,United States,,Funding,,,,,,,,Geocoding 2013,,xtnmUgwNr5n,xtnmUgwNr5n,
906000994132,Ngaba CME,United States,,Funding,,,,,,,,Geocoding 2013,,YNc43mSjkyA,YNc43mSjkyA,
906000994134,Nsanga ,United States,,Funding,,,,,,,,Geocoding 2013,,M5brUYYbTYo,M5brUYYbTYo,
906000994136,Wochop ,United States,,Funding,,,,,,,,Geocoding 2013,,tKaVjyafZWL,tKaVjyafZWL,
906000994138,Akram Matete CH,United States,,Funding,,,,,,,,Geocoding 2013,,oHXVMcKjkrT,oHXVMcKjkrT,
906000994140,Christu Mobikisi ,United States,,Funding,,,,,,,,Geocoding 2013,,PAcBkBbYxB4,PAcBkBbYxB4,
906000994142,Clinique De Limete,United States,,Funding,,,,,,,,Geocoding 2013,,tKajPPgEJuY,tKajPPgEJuY,
906000994144,Gekokon CM,United States,,Funding,,,,,,,,Geocoding 2013,,bCNgQ5FPbwQ,bCNgQ5FPbwQ,
906000994146,Kizito ,United States,,Funding,,,,,,,,Geocoding 2013,,FYEX7isqxud,FYEX7isqxud,
906000994148,La Main De  Dieu,United States,,Funding,,,,,,,,Geocoding 2013,,XrLpgF7Xey5,XrLpgF7Xey5,
906000994150,Libiki ,United States,,Funding,,,,,,,,Geocoding 2013,,twmimgGypFl,twmimgGypFl,
906000994152,Liziba ,United States,,Funding,,,,,,,,Geocoding 2013,,d7anl1FLrbM,d7anl1FLrbM,
906000994154,Mayamba ,United States,,Funding,,,,,,,,Geocoding 2013,,HuNdWEg6uVV,HuNdWEg6uVV,
906000994156,Monsele ,United States,,Funding,,,,,,,,Geocoding 2013,,VsQYg1CzkhS,VsQYg1CzkhS,
906000994158,St Bernard ,United States,,Funding,,,,,,,,Geocoding 2013,,CZcMmUd6G0W,CZcMmUd6G0W,
906000994160,Vixam ,United States,,Funding,,,,,,,,Geocoding 2013,,ljbzTJsh3yC,ljbzTJsh3yC,
906000994162,2eme RUE ,United States,,Funding,,,,,,,,Geocoding 2013,,bAynOaGs9r0,bAynOaGs9r0,
906000994164,Apv ,United States,,Funding,,,,,,,,Geocoding 2013,,g7dujry6sqv,g7dujry6sqv,
906000994166,Bangba ,United States,,Funding,,,,,,,,Geocoding 2013,,lnNTJJxr1hU,lnNTJJxr1hU,
906000994168,Beau Sejour ,United States,,Funding,,,,,,,,Geocoding 2013,,K81jbUP3kVW,K81jbUP3kVW,
906000994170,Bondeko - Limete CL,United States,,Funding,,,,,,,,Geocoding 2013,,vUHRIqd6fgQ,vUHRIqd6fgQ,
906000994172,La Candeur CH,United States,,Funding,,,,,,,,Geocoding 2013,,g0PUyyezMv5,g0PUyyezMv5,
906000994174,Liboke ,United States,,Funding,,,,,,,,Geocoding 2013,,RINJCvsQ1Ky,RINJCvsQ1Ky,
906000994176,Limete DGI CM,United States,,Funding,,,,,,,,Geocoding 2013,,w4jLKh1gKC4,w4jLKh1gKC4,
906000994178,Miria ,United States,,Funding,,,,,,,,Geocoding 2013,,QACS5DkivqA,QACS5DkivqA,
906000994180,Moderne CH,United States,,Funding,,,,,,,,Geocoding 2013,,mzmyr9In6Hb,mzmyr9In6Hb,
906000994182,Mombele CH,United States,,Funding,,,,,,,,Geocoding 2013,,yOkt0YFCmk5,yOkt0YFCmk5,
906000994184,Mososo ,United States,,Funding,,,,,,,,Geocoding 2013,,whyvI8IFD3b,whyvI8IFD3b,
906000994186,Promedis,United States,,Funding,,,,,,,,Geocoding 2013,,Sgf1QBU49dY,Sgf1QBU49dY,
906000994188,Rapha - Limete CH,United States,,Funding,,,,,,,,Geocoding 2013,,XcSmCC6QhpX,XcSmCC6QhpX,
906000994190,Sara ,United States,,Funding,,,,,,,,Geocoding 2013,,GZWoudcGD3q,GZWoudcGD3q,
906000994192,St Amand ,United States,,Funding,,,,,,,,Geocoding 2013,,lKZvqA7oAHG,lKZvqA7oAHG,
906000994194,St Joseph - Limete Hopital,United States,,Funding,,,,,,,,Geocoding 2013,,I6A3rfhsfnS,I6A3rfhsfnS,
906000994196,TBD1 - Limete,United States,,Funding,,,,,,,,Geocoding 2013,,mMASTm6Dpfd,mMASTm6Dpfd,
906000994198,TBD2 - Limete,United States,,Funding,,,,,,,,Geocoding 2013,,OIXG23tpwqd,OIXG23tpwqd,
906000994200,TBD3 - Limete,United States,,Funding,,,,,,,,Geocoding 2013,,DoHMTQAtcjC,DoHMTQAtcjC,
906000994202,TBD4 - Limete,United States,,Funding,,,,,,,,Geocoding 2013,,RmvVgxVFRdK,RmvVgxVFRdK,
906000994204,St Luc - Kikimi CH,United States,,Funding,,,,,,,,Geocoding 2013,,tbGz7BS5ZCi,tbGz7BS5ZCi,
906000994206,Mamvululu ,United States,,Funding,,,,,,,,Geocoding 2013,,bkPGPnsvuGJ,bkPGPnsvuGJ,
906000994208,Mokali CH,United States,,Funding,,,,,,,,Geocoding 2013,,qOfrM1H42Pa,qOfrM1H42Pa,
906000994210,Pere Damien ,United States,,Funding,,,,,,,,Geocoding 2013,,h0XwGtbTjbp,h0XwGtbTjbp,
906000994212,St Jean ,United States,,Funding,,,,,,,,Geocoding 2013,,our9rOEwRLR,our9rOEwRLR,
906000994214,St Joseph - Biyela,United States,,Funding,,,,,,,,Geocoding 2013,,FISFjKHxxOj,FISFjKHxxOj,
906000994216,Tshimungu,United States,,Funding,,,,,,,,Geocoding 2013,,ddDCZJJL46x,ddDCZJJL46x,
906000994218,Bisengo Mwambe,United States,,Funding,,,,,,,,Geocoding 2013,,rMtqa0vFFii,rMtqa0vFFii,
906000994220,Bisengo Mwambe ,United States,,Funding,,,,,,,,Geocoding 2013,,pXeIcfO970Z,pXeIcfO970Z,
906000994222,Bosembo,United States,,Funding,,,,,,,,Geocoding 2013,,iHo5txhOXaD,iHo5txhOXaD,
906000994224,Kikimi CH,United States,,Funding,,,,,,,,Geocoding 2013,,j5LUDzK20qu,j5LUDzK20qu,
906000994226,Lobiko - Kikimi ,United States,,Funding,,,,,,,,Geocoding 2013,,SXw1iWgZTFS,SXw1iWgZTFS,
906000994228,Marechal ,United States,,Funding,,,,,,,,Geocoding 2013,,mJI1c4OO7Ct,mJI1c4OO7Ct,
906000994230,Mfumunkento ,United States,,Funding,,,,,,,,Geocoding 2013,,r0px9m7CKIv,r0px9m7CKIv,
906000994232,Mikondo ,United States,,Funding,,,,,,,,Geocoding 2013,,ypeFgj4XCVx,ypeFgj4XCVx,
906000994234,Poly Jamero,United States,,Funding,,,,,,,,Geocoding 2013,,nMN4w842LeY,nMN4w842LeY,
906000994236,St Luc - Kikimi CH,United States,,Funding,,,,,,,,Geocoding 2013,,kxD06DOtILl,kxD06DOtILl,
906000994238,Ste Marie La Misericorde CM,United States,,Funding,,,,,,,,Geocoding 2013,,fFafeWoG7LL,fFafeWoG7LL,
906000994240,Zainabia - Kikimi ,United States,,Funding,,,,,,,,Geocoding 2013,,HgKnmKHJ9hw,HgKnmKHJ9hw,
906000994242,Bas-Congo ,United States,,Funding,,,,,,,,Geocoding 2013,,Z76AtWzqTnh,Z76AtWzqTnh,
906000994244,Boboto - Kimbanseke,United States,,Funding,,,,,,,,Geocoding 2013,,tgoVVwlVICZ,tgoVVwlVICZ,
906000994246,Boyokani,United States,,Funding,,,,,,,,Geocoding 2013,,rlMg5xTMkbd,rlMg5xTMkbd,
906000994248,Elikya,United States,,Funding,,,,,,,,Geocoding 2013,,dS6omJ0v3is,dS6omJ0v3is,
906000994250,Esanga ,United States,,Funding,,,,,,,,Geocoding 2013,,NMBUG1XXteg,NMBUG1XXteg,
906000994252,Esperance ,United States,,Funding,,,,,,,,Geocoding 2013,,LBRD3cpvhRz,LBRD3cpvhRz,
906000994254,Fondaco ,United States,,Funding,,,,,,,,Geocoding 2013,,HJ9Vk9D2e7G,HJ9Vk9D2e7G,
906000994256,Kimbanguiste HGR,United States,,Funding,,,,,,,,Geocoding 2013,,Dh99usNDwDN,Dh99usNDwDN,
906000994258,Kimbanguiste Mission,United States,,Funding,,,,,,,,Geocoding 2013,,xCOonOw4aZP,xCOonOw4aZP,
906000994260,Mpanga /Kambamulamba ,United States,,Funding,,,,,,,,Geocoding 2013,,ftmWhHVj1nZ,ftmWhHVj1nZ,
906000994262,Ndemba ,United States,,Funding,,,,,,,,Geocoding 2013,,SZ9Ci5jWjSx,SZ9Ci5jWjSx,
906000994264,Pierre Focom ,United States,,Funding,,,,,,,,Geocoding 2013,,g0zMo7fKcuf,g0zMo7fKcuf,
906000994266,St Albertine,United States,,Funding,,,,,,,,Geocoding 2013,,FCHO3EAkwzH,FCHO3EAkwzH,
906000994268,St Augustin ,United States,,Funding,,,,,,,,Geocoding 2013,,I9eNIz1hCvC,I9eNIz1hCvC,
906000994270,Tosalisana ,United States,,Funding,,,,,,,,Geocoding 2013,,xhHQ62KeEqm,xhHQ62KeEqm,
906000994272,Tuzolana,United States,,Funding,,,,,,,,Geocoding 2013,,Kac6bhaIB8G,Kac6bhaIB8G,
906000994274,Un Jour,United States,,Funding,,,,,,,,Geocoding 2013,,hTEVBnCRC7A,hTEVBnCRC7A,
906000994276,Yenge,United States,,Funding,,,,,,,,Geocoding 2013,,hIvoOzzp6W4,hIvoOzzp6W4,
906000994278,17 Mai,United States,,Funding,,,,,,,,Geocoding 2013,,REpcqapipei,REpcqapipei,
906000994280,Hope Clinic,United States,,Funding,,,,,,,,Geocoding 2013,,wdlndVdOVB2,wdlndVdOVB2,
906000994282,Kingasani CH,United States,,Funding,,,,,,,,Geocoding 2013,,O3oFsNvDAbR,O3oFsNvDAbR,
906000994284,Londolobe ,United States,,Funding,,,,,,,,Geocoding 2013,,rlVfoQpoANc,rlVfoQpoANc,
906000994286,Molende ,United States,,Funding,,,,,,,,Geocoding 2013,,WFBm58FvK2w,WFBm58FvK2w,
906000994288,St Paul ,United States,,Funding,,,,,,,,Geocoding 2013,,WUHudRI0dZv,WUHudRI0dZv,
906000994290,TBD1 - Kingasani,United States,,Funding,,,,,,,,Geocoding 2013,,a9kdujBZ1dC,a9kdujBZ1dC,
906000994292,TBD2 - Kingasani,United States,,Funding,,,,,,,,Geocoding 2013,,Uc1T3kcQZkt,Uc1T3kcQZkt,
906000994294,TBD3 - Kingasani,United States,,Funding,,,,,,,,Geocoding 2013,,gVa2cBxRQ8E,gVa2cBxRQ8E,
906000994296,TBD4 - Kingasani,United States,,Funding,,,,,,,,Geocoding 2013,,kG9dsOeOQ6O,kG9dsOeOQ6O,
906000994298,TBD5 - Kingasani,United States,,Funding,,,,,,,,Geocoding 2013,,WxtqPmW06X4,WxtqPmW06X4,
906000994300,Tata Mosala ,United States,,Funding,,,,,,,,Geocoding 2013,,dpRp78zb1Xf,dpRp78zb1Xf,
906000994302,Tembo ,United States,,Funding,,,,,,,,Geocoding 2013,,dmEjjgPGrq5,dmEjjgPGrq5,
906000994304,Bethanie ,United States,,Funding,,,,,,,,Geocoding 2013,,UPRMDuf3Zax,UPRMDuf3Zax,
906000994306,Basuku,United States,,Funding,,,,,,,,Geocoding 2013,,DOaFIceft1v,DOaFIceft1v,
906000994308,Bita ,United States,,Funding,,,,,,,,Geocoding 2013,,cRA7OyDIYHA,cRA7OyDIYHA,
906000994310,Bon Berger - Maluku1,United States,,Funding,,,,,,,,Geocoding 2013,,G7CL2kbGNJR,G7CL2kbGNJR,
906000994312,Bu,United States,,Funding,,,,,,,,Geocoding 2013,,NtNaI0ny5kq,NtNaI0ny5kq,
906000994314,Dr Kongo CM,United States,,Funding,,,,,,,,Geocoding 2013,,mQ0865GgjqP,mQ0865GgjqP,
906000994316,Kingakati,United States,,Funding,,,,,,,,Geocoding 2013,,PvrxIbdNG1J,PvrxIbdNG1J,
906000994318,Major Leka ,United States,,Funding,,,,,,,,Geocoding 2013,,Q1WUP4zCMTu,Q1WUP4zCMTu,
906000994320,Maluku,United States,,Funding,,,,,,,,Geocoding 2013,,VUj4dx8MPOn,VUj4dx8MPOn,
906000994322,Maluku CH,United States,,Funding,,,,,,,,Geocoding 2013,,cop60mZZY5B,cop60mZZY5B,
906000994324,Maluku ,United States,,Funding,,,,,,,,Geocoding 2013,,JXwnUIGW63z,JXwnUIGW63z,
906000994326,Mambutuka de Mayi Ndombe 1 ,United States,,Funding,,,,,,,,Geocoding 2013,,i1gW96RlOcV,i1gW96RlOcV,
906000994328,Mangenge,United States,,Funding,,,,,,,,Geocoding 2013,,aekuZipq6ky,aekuZipq6ky,
906000994330,Mayi Ndombe De Mayi Ndombe 2 ,United States,,Funding,,,,,,,,Geocoding 2013,,gY5lNINzNBN,gY5lNINzNBN,
906000994332,Menkao,United States,,Funding,,,,,,,,Geocoding 2013,,yHSDuHExFWf,yHSDuHExFWf,
906000994334,Menkao ,United States,,Funding,,,,,,,,Geocoding 2013,,n3ZdIHpbGxh,n3ZdIHpbGxh,
906000994336,Monaco,United States,,Funding,,,,,,,,Geocoding 2013,,W9egQLgqHik,W9egQLgqHik,
906000994338,Ndunu,United States,,Funding,,,,,,,,Geocoding 2013,,DDB14yBFxqA,DDB14yBFxqA,
906000994340,Sephora,United States,,Funding,,,,,,,,Geocoding 2013,,k4AQVEZcMn5,k4AQVEZcMn5,
906000994342,Sosider,United States,,Funding,,,,,,,,Geocoding 2013,,U8k75vUY7Ti,U8k75vUY7Ti,
906000994344,Dumi,United States,,Funding,,,,,,,,Geocoding 2013,,R0qflhfVRri,R0qflhfVRri,
906000994346,Kingawa ,United States,,Funding,,,,,,,,Geocoding 2013,,qz0az3pwKhD,qz0az3pwKhD,
906000994348,Kingwala ,United States,,Funding,,,,,,,,Geocoding 2013,,sUmjGDYWKWi,sUmjGDYWKWi,
906000994350,Kints ,United States,,Funding,,,,,,,,Geocoding 2013,,VBgFxeKFMZq,VBgFxeKFMZq,
906000994352,Mampu ,United States,,Funding,,,,,,,,Geocoding 2013,,IGD92w2Dl3c,IGD92w2Dl3c,
906000994354,Mbankana HGR,United States,,Funding,,,,,,,,Geocoding 2013,,V5g1zIQjIpA,V5g1zIQjIpA,
906000994356,Mbete ,United States,,Funding,,,,,,,,Geocoding 2013,,BETSatfJK5z,BETSatfJK5z,
906000994358,Mongata ,United States,,Funding,,,,,,,,Geocoding 2013,,lvf8t3apxaI,lvf8t3apxaI,
906000994360,Nkieme ,United States,,Funding,,,,,,,,Geocoding 2013,,idFouaf0Kio,idFouaf0Kio,
906000994362,Aux Bons Soins CH,United States,,Funding,,,,,,,,Geocoding 2013,,kSV3wlbgQYt,kSV3wlbgQYt,
906000994364,Biamba Marie Mutombo Hopital,United States,,Funding,,,,,,,,Geocoding 2013,,xgC4KovbUGb,xgC4KovbUGb,
906000994366,Bolingo-Masina 1,United States,,Funding,,,,,,,,Geocoding 2013,,DRaAOxHPwxK,DRaAOxHPwxK,
906000994368,Boo Nsuba ,United States,,Funding,,,,,,,,Geocoding 2013,,jlpFwsgYrA0,jlpFwsgYrA0,
906000994370,Cebu,United States,,Funding,,,,,,,,Geocoding 2013,,becAXeLphFH,becAXeLphFH,
906000994372,Clinique Des Anges - Masina1,United States,,Funding,,,,,,,,Geocoding 2013,,kufgmqYqvFN,kufgmqYqvFN,
906000994374,Desaf CH,United States,,Funding,,,,,,,,Geocoding 2013,,DANpSA5elRW,DANpSA5elRW,
906000994376,Esengo - Masina1 ,United States,,Funding,,,,,,,,Geocoding 2013,,kc6OQRXp1Nv,kc6OQRXp1Nv,
906000994378,Esperodi CH,United States,,Funding,,,,,,,,Geocoding 2013,,ON7dh2IcVHd,ON7dh2IcVHd,
906000994380,Kitoko,United States,,Funding,,,,,,,,Geocoding 2013,,tcTH06Oyn5E,tcTH06Oyn5E,
906000994382,Ntombua Ya Maria ,United States,,Funding,,,,,,,,Geocoding 2013,,qN4iFNp7nie,qN4iFNp7nie,
906000994384,Pilote CH,United States,,Funding,,,,,,,,Geocoding 2013,,YGCa9aoCuTU,YGCa9aoCuTU,
906000994386,Roi Baudouin CH,United States,,Funding,,,,,,,,Geocoding 2013,,iJVYR7IiftK,iJVYR7IiftK,
906000994388,TBD1 - Masina1,United States,,Funding,,,,,,,,Geocoding 2013,,zdzM28i24iE,zdzM28i24iE,
906000994390,TBD2 - Masina1,United States,,Funding,,,,,,,,Geocoding 2013,,lKpUPuj34XD,lKpUPuj34XD,
906000994392,Avenir,United States,,Funding,,,,,,,,Geocoding 2013,,yA2ivfN1Hgq,yA2ivfN1Hgq,
906000994394,Bora ,United States,,Funding,,,,,,,,Geocoding 2013,,PyaxfqY0jFg,PyaxfqY0jFg,
906000994396,Clinique des Anges Masina,United States,,Funding,,,,,,,,Geocoding 2013,,kSiQtxP547O,kSiQtxP547O,
906000994398,Cliniques des Anges - Masina2,United States,,Funding,,,,,,,,Geocoding 2013,,JKOx8uKtEof,JKOx8uKtEof,
906000994400,Elonga ,United States,,Funding,,,,,,,,Geocoding 2013,,s6GQ6rlUdPb,s6GQ6rlUdPb,
906000994402,Kimbela,United States,,Funding,,,,,,,,Geocoding 2013,,CYocxHanSGW,CYocxHanSGW,
906000994404,Lumiere - Masina2 ,United States,,Funding,,,,,,,,Geocoding 2013,,LbI0uUG6EE9,LbI0uUG6EE9,
906000994406,Lunda,United States,,Funding,,,,,,,,Geocoding 2013,,W9YzyEZHrjn,W9YzyEZHrjn,
906000994408,Mafuta Kizola,United States,,Funding,,,,,,,,Geocoding 2013,,EyGCucpVqA2,EyGCucpVqA2,
906000994410,Mapela ,United States,,Funding,,,,,,,,Geocoding 2013,,vIyDF76BUNi,vIyDF76BUNi,
906000994412,Matadi,United States,,Funding,,,,,,,,Geocoding 2013,,vtDLYQ8rlN9,vtDLYQ8rlN9,
906000994414,St Hilaire ,United States,,Funding,,,,,,,,Geocoding 2013,,AjjsXyzXkbx,AjjsXyzXkbx,
906000994416,TBD1 - Masina2,United States,,Funding,,,,,,,,Geocoding 2013,,Cfz0frvrsm2,Cfz0frvrsm2,
906000994418,TBD2 - Masina2,United States,,Funding,,,,,,,,Geocoding 2013,,ctcOLQakV3K,ctcOLQakV3K,
906000994420,TBD3 - Masina2,United States,,Funding,,,,,,,,Geocoding 2013,,bqEoRuLF6g6,bqEoRuLF6g6,
906000994422,TBD4 - Masina2,United States,,Funding,,,,,,,,Geocoding 2013,,H330PAqC6hH,H330PAqC6hH,
906000994424,TBD5 - Masina2,United States,,Funding,,,,,,,,Geocoding 2013,,yH6Z7zfwNOG,yH6Z7zfwNOG,
906000994426,TBD6 - Masina2,United States,,Funding,,,,,,,,Geocoding 2013,,EfjQAABPq0X,EfjQAABPq0X,
906000994428,TBD7 - Masina2,United States,,Funding,,,,,,,,Geocoding 2013,,gicGJ33U49G,gicGJ33U49G,
906000994430,TBD8 - Masina2,United States,,Funding,,,,,,,,Geocoding 2013,,RzhfCkU5Tov,RzhfCkU5Tov,
906000994432,Temoignage,United States,,Funding,,,,,,,,Geocoding 2013,,YugFXyrQlgv,YugFXyrQlgv,
906000994434,Bakuma ,United States,,Funding,,,,,,,,Geocoding 2013,,OSnL3HIy9B8,OSnL3HIy9B8,
906000994436,Bikunda ,United States,,Funding,,,,,,,,Geocoding 2013,,qBzTIPCzrlr,qBzTIPCzrlr,
906000994438,Bomoi ,United States,,Funding,,,,,,,,Geocoding 2013,,jJSVlg3cu1T,jJSVlg3cu1T,
906000994440,Bopeto ,United States,,Funding,,,,,,,,Geocoding 2013,,VesLDtGxWfh,VesLDtGxWfh,
906000994442,Cadc Sumbi ,United States,,Funding,,,,,,,,Geocoding 2013,,iv5W0R00ElS,iv5W0R00ElS,
906000994444,Centre Usafi,United States,,Funding,,,,,,,,Geocoding 2013,,CulIamADLpR,CulIamADLpR,
906000994446,Diki Sante ,United States,,Funding,,,,,,,,Geocoding 2013,,muUBLmku7pF,muUBLmku7pF,
906000994448,Hasc,United States,,Funding,,,,,,,,Geocoding 2013,,x82evWtOhBk,x82evWtOhBk,
906000994450,Luzingu ,United States,,Funding,,,,,,,,Geocoding 2013,,JCuTEJ7Wz4Z,JCuTEJ7Wz4Z,
906000994452,Mbankani,United States,,Funding,,,,,,,,Geocoding 2013,,a3Tj4kGdAIZ,a3Tj4kGdAIZ,
906000994454,Mokili Muinda,United States,,Funding,,,,,,,,Geocoding 2013,,WfDJJjaQAea,WfDJJjaQAea,
906000994456,Ndjili HGR,United States,,Funding,,,,,,,,Geocoding 2013,,sccGuF5iGKS,sccGuF5iGKS,
906000994458,S/M de N'djili ,United States,,Funding,,,,,,,,Geocoding 2013,,mLfkiIMqIgy,mLfkiIMqIgy,
906000994460,Samaritaine ,United States,,Funding,,,,,,,,Geocoding 2013,,d30gRXRTNLz,d30gRXRTNLz,
906000994462,TBD1 - Ndjili,United States,,Funding,,,,,,,,Geocoding 2013,,zHIhPli3zWI,zHIhPli3zWI,
906000994464,TBD2 - Ndjili,United States,,Funding,,,,,,,,Geocoding 2013,,BKkxLJRX6UW,BKkxLJRX6UW,
906000994466,TBD3 - Ndjili,United States,,Funding,,,,,,,,Geocoding 2013,,YyrYTeH2CQ0,YyrYTeH2CQ0,
906000994468,Ceta ,United States,,Funding,,,,,,,,Geocoding 2013,,YC0mgs7sXBP,YC0mgs7sXBP,
906000994470,Aigle Medical ,United States,,Funding,,,,,,,,Geocoding 2013,,h90OrBhTq8s,h90OrBhTq8s,
906000994472,Amed CM,United States,,Funding,,,,,,,,Geocoding 2013,,VcKBOmhMuVS,VcKBOmhMuVS,
906000994474,Benzale CH,United States,,Funding,,,,,,,,Geocoding 2013,,yhjYxCtnEef,yhjYxCtnEef,
906000994476,Bibwa Maternite,United States,,Funding,,,,,,,,Geocoding 2013,,IHYjnzkX90z,IHYjnzkX90z,
906000994478,Bon Secours ,United States,,Funding,,,,,,,,Geocoding 2013,,knW1Bub3kkr,knW1Bub3kkr,
906000994480,Centenaire ,United States,,Funding,,,,,,,,Geocoding 2013,,I6ATq2gOwEh,I6ATq2gOwEh,
906000994482,DAIPN Maternite,United States,,Funding,,,,,,,,Geocoding 2013,,om2imlohrLr,om2imlohrLr,
906000994484,Dingi Dingi ,United States,,Funding,,,,,,,,Geocoding 2013,,GpmEaXwAsvo,GpmEaXwAsvo,
906000994486,Emeraude - Nsele ,United States,,Funding,,,,,,,,Geocoding 2013,,rDL4HmffhXE,rDL4HmffhXE,
906000994488,Etonga,United States,,Funding,,,,,,,,Geocoding 2013,,QGxYF3IKqBZ,QGxYF3IKqBZ,
906000994490,Kinkole HGR,United States,,Funding,,,,,,,,Geocoding 2013,,Nh0X2SzuUOc,Nh0X2SzuUOc,
906000994492,Laboratoire DREAM,United States,,Funding,,,,,,,,Geocoding 2013,,HS8gyFoutRT,HS8gyFoutRT,
906000994494,Mapamboli ,United States,,Funding,,,,,,,,Geocoding 2013,,tPrnkhsmVnN,tPrnkhsmVnN,
906000994496,Maria Louisa ,United States,,Funding,,,,,,,,Geocoding 2013,,s4XnuMl6C6X,s4XnuMl6C6X,
906000994498,Mbangu Mbamu ,United States,,Funding,,,,,,,,Geocoding 2013,,EU6VG4LlnYG,EU6VG4LlnYG,
906000994500,Methodiste - Nsele ,United States,,Funding,,,,,,,,Geocoding 2013,,uOt7g17VYw4,uOt7g17VYw4,
906000994502,Mobikisi CM,United States,,Funding,,,,,,,,Geocoding 2013,,eDPkTdMNcVf,eDPkTdMNcVf,
906000994504,Notre Dame du Jardin,United States,,Funding,,,,,,,,Geocoding 2013,,iP5YIomPnX6,iP5YIomPnX6,
906000994506,Pcid Ch,United States,,Funding,,,,,,,,Geocoding 2013,,HIfWulJr0WY,HIfWulJr0WY,
906000994508,Rapha - Mpasa ,United States,,Funding,,,,,,,,Geocoding 2013,,k8JjrmHT6Ky,k8JjrmHT6Ky,
906000994510,St Jean Apetre,United States,,Funding,,,,,,,,Geocoding 2013,,yE7ZnSAzBy1,yE7ZnSAzBy1,
906000994512,St Raymond - Nsele,United States,,Funding,,,,,,,,Geocoding 2013,,gPWMsEr3MAe,gPWMsEr3MAe,
906000994514,Stella,United States,,Funding,,,,,,,,Geocoding 2013,,ePmcURUNiHk,ePmcURUNiHk,
906000994516,Lukula HGR,United States,,Funding,,,,,,,,Geocoding 2013,,ktrTm33qbIf,ktrTm33qbIf,
906000994518,Makungulenge ,United States,,Funding,,,,,,,,Geocoding 2013,,efU3KOVva7k,efU3KOVva7k,
906000994520,Mbambi,United States,,Funding,,,,,,,,Geocoding 2013,,sqFUkiHgzmR,sqFUkiHgzmR,
906000994522,Mvuangu ,United States,,Funding,,,,,,,,Geocoding 2013,,saeGoktRc6U,saeGoktRc6U,
906000994524,Boma HGR,United States,,Funding,,,,,,,,Geocoding 2013,,XAGfmkM02r0,XAGfmkM02r0,
906000994526,Cvm ,United States,,Funding,,,,,,,,Geocoding 2013,,ZTNdnnlRbFL,ZTNdnnlRbFL,
906000994528,Kiveve ,United States,,Funding,,,,,,,,Geocoding 2013,,uI74bR3YFqe,uI74bR3YFqe,
906000994530,Boboto - Boma ,United States,,Funding,,,,,,,,Geocoding 2013,,pFPDTPC2AlW,pFPDTPC2AlW,
906000994532,Sacre Cur ,United States,,Funding,,,,,,,,Geocoding 2013,,XwRDe76qxas,XwRDe76qxas,
906000994534,Kinkonzi,United States,,Funding,,,,,,,,Geocoding 2013,,uoTvj9rDgPQ,uoTvj9rDgPQ,
906000994536,La Grace - Moanda ,United States,,Funding,,,,,,,,Geocoding 2013,,BI31Q1Um5GG,BI31Q1Um5GG,
906000994538,Moanda A ,United States,,Funding,,,,,,,,Geocoding 2013,,dx1DvElqDQl,dx1DvElqDQl,
906000994540,Moanda HGR,United States,,Funding,,,,,,,,Geocoding 2013,,ocYq2r07MHP,ocYq2r07MHP,
906000994542,Vulumba,United States,,Funding,,,,,,,,Geocoding 2013,,rhP19wNJEuc,rhP19wNJEuc,
906000994544,Croix Rouge,United States,,Funding,,,,,,,,Geocoding 2013,,sKyFk3JTtf6,sKyFk3JTtf6,
906000994546,ONATRA - Boma Hopital,United States,,Funding,,,,,,,,Geocoding 2013,,chHeDZPjN9O,chHeDZPjN9O,
906000994548,Police ,United States,,Funding,,,,,,,,Geocoding 2013,,R30YjQR9bNS,R30YjQR9bNS,
906000994550,Kinkanda HGR,United States,,Funding,,,,,,,,Geocoding 2013,,AoWIql5RRib,AoWIql5RRib,
906000994552,Mvuzi ,United States,,Funding,,,,,,,,Geocoding 2013,,KCPxeGTka25,KCPxeGTka25,
906000994554,Kiamvu HGR,United States,,Funding,,,,,,,,Geocoding 2013,,ryK3bW8C1ap,ryK3bW8C1ap,
906000994556,Mabaku,United States,,Funding,,,,,,,,Geocoding 2013,,vnS5IETMeas,vnS5IETMeas,
906000994558,Military_DRC,United States,,Funding,,,,,,,,Geocoding 2013,,MTlUjdz0HYY,MTlUjdz0HYY,
906000994560,Kisongo,United States,,Funding,,,,,,,,Geocoding 2013,,s9PKrvwpRR9,s9PKrvwpRR9,
906000994562,Kituku,United States,,Funding,,,,,,,,Geocoding 2013,,RMjbonOiekP,RMjbonOiekP,
906000994564,Lubuye,United States,,Funding,,,,,,,,Geocoding 2013,,zRk9BWian47,zRk9BWian47,
906000994566,Tabac,United States,,Funding,,,,,,,,Geocoding 2013,,fYYdKOof0nw,fYYdKOof0nw,
906000994568,Tundwa,United States,,Funding,,,,,,,,Geocoding 2013,,kA6fCHJ0tz6,kA6fCHJ0tz6,
906000994570,Undugu,United States,,Funding,,,,,,,,Geocoding 2013,,rruUwutIc8T,rruUwutIc8T,
906000994572,Kandolo ,United States,,Funding,,,,,,,,Geocoding 2013,,D5EVoj1WtfD,D5EVoj1WtfD,
906000994574,Kangoy,United States,,Funding,,,,,,,,Geocoding 2013,,UVGQxOVePvf,UVGQxOVePvf,
906000994576,Kongolo HGR,United States,,Funding,,,,,,,,Geocoding 2013,,UjYoCoZBbOe,UjYoCoZBbOe,
906000994578,Kongolo Ville,United States,,Funding,,,,,,,,Geocoding 2013,,MFag0Bs8Kyx,MFag0Bs8Kyx,
906000994580,Maria Mama,United States,,Funding,,,,,,,,Geocoding 2013,,gI1kWJrmZ40,gI1kWJrmZ40,
906000994582,Sola,United States,,Funding,,,,,,,,Geocoding 2013,,OKb2TWOME8l,OKb2TWOME8l,
906000994584,Cite,United States,,Funding,,,,,,,,Geocoding 2013,,AiQQMdZaKYe,AiQQMdZaKYe,
906000994586,HGR ,United States,,Funding,,,,,,,,Geocoding 2013,,uILILDZbPVU,uILILDZbPVU,
906000994588,Kanteba,United States,,Funding,,,,,,,,Geocoding 2013,,dN8VmLjayaL,dN8VmLjayaL,
906000994590,Kaulo Minono,United States,,Funding,,,,,,,,Geocoding 2013,,kngWZdg1WDE,kngWZdg1WDE,
906000994592,Manono HGR,United States,,Funding,,,,,,,,Geocoding 2013,,lN5irfBgJj3,lN5irfBgJj3,
906000994594,Muyumba Port,United States,,Funding,,,,,,,,Geocoding 2013,,tPA8RqeVZRA,tPA8RqeVZRA,
906000994596,Fube,United States,,Funding,,,,,,,,Geocoding 2013,,bqakUkPcEhI,bqakUkPcEhI,
906000994598,Kasenga - Moba ,United States,,Funding,,,,,,,,Geocoding 2013,,smLIbI96Ayp,smLIbI96Ayp,
906000994600,Katombe,United States,,Funding,,,,,,,,Geocoding 2013,,Z2Z6UkxbNcf,Z2Z6UkxbNcf,
906000994602,Moba HGR,United States,,Funding,,,,,,,,Geocoding 2013,,E9rXy7w9bhj,E9rXy7w9bhj,
906000994604,Moba Port ,United States,,Funding,,,,,,,,Geocoding 2013,,i4A4FmqmHUT,i4A4FmqmHUT,
906000994606,Mulonde,United States,,Funding,,,,,,,,Geocoding 2013,,E0Ol8WlloLV,E0Ol8WlloLV,
906000994608,Changa Changa,United States,,Funding,,,,,,,,Geocoding 2013,,OoswowpfRE3,OoswowpfRE3,
906000994610,Kisengo,United States,,Funding,,,,,,,,Geocoding 2013,,e4RKnbJki58,e4RKnbJki58,
906000994612,Lengwe,United States,,Funding,,,,,,,,Geocoding 2013,,JnMy3XyIXRF,JnMy3XyIXRF,
906000994614,Luizi,United States,,Funding,,,,,,,,Geocoding 2013,,oddQAdULr31,oddQAdULr31,
906000994616,Mangala,United States,,Funding,,,,,,,,Geocoding 2013,,Y0JB9gXalvj,Y0JB9gXalvj,
906000994618,Nyunzu HGR,United States,,Funding,,,,,,,,Geocoding 2013,,abV2dgHCQUw,abV2dgHCQUw,
906000994620,Foyer,United States,,Funding,,,,,,,,Geocoding 2013,,MdpX4ZhWhyw,MdpX4ZhWhyw,
906000994622,Kabondo HGR,United States,,Funding,,,,,,,,Geocoding 2013,,sgV3A1w09ab,sgV3A1w09ab,
906000994624,Umoja,United States,,Funding,,,,,,,,Geocoding 2013,,QbWcNccdgD0,QbWcNccdgD0,
906000994626,Bambole ,United States,,Funding,,,,,,,,Geocoding 2013,,vupJLMT6sFj,vupJLMT6sFj,
906000994628,Lubunga HGR,United States,,Funding,,,,,,,,Geocoding 2013,,WHuR5wgbDcH,WHuR5wgbDcH,
906000994630,Mako,United States,,Funding,,,,,,,,Geocoding 2013,,blXRSqcmRRZ,blXRSqcmRRZ,
906000994632,Osio 21 ,United States,,Funding,,,,,,,,Geocoding 2013,,IKO9CA0K6Io,IKO9CA0K6Io,
906000994634,SNCC - Lubunga ,United States,,Funding,,,,,,,,Geocoding 2013,,Yu9ALZ1zKy5,Yu9ALZ1zKy5,
906000994636,St Andre,United States,,Funding,,,,,,,,Geocoding 2013,,drqmjhVixs3,drqmjhVixs3,
906000994638,Banduku ,United States,,Funding,,,,,,,,Geocoding 2013,,dP9lmvkcuYp,dP9lmvkcuYp,
906000994640,Boyoma,United States,,Funding,,,,,,,,Geocoding 2013,,cAHNuQ9TKzO,cAHNuQ9TKzO,
906000994642,Boyoma ,United States,,Funding,,,,,,,,Geocoding 2013,,b3rajVKNduz,b3rajVKNduz,
906000994644,De La Paix,United States,,Funding,,,,,,,,Geocoding 2013,,SslEoAFIacY,SslEoAFIacY,
906000994646,ECC Makiso ,United States,,Funding,,,,,,,,Geocoding 2013,,p8vcgZk2kA4,p8vcgZk2kA4,
906000994648,Jamaa ,United States,,Funding,,,,,,,,Geocoding 2013,,RJypPji8NfM,RJypPji8NfM,
906000994650,Konga Konga,United States,,Funding,,,,,,,,Geocoding 2013,,s4XF2eatEnT,s4XF2eatEnT,
906000994652,Konga-Konga ,United States,,Funding,,,,,,,,Geocoding 2013,,il1PVKiVDg5,il1PVKiVDg5,
906000994654,Makiso,United States,,Funding,,,,,,,,Geocoding 2013,,ytZEjFf7YxE,ytZEjFf7YxE,
906000994656,Makiso HGR,United States,,Funding,,,,,,,,Geocoding 2013,,ReNYHMZphg0,ReNYHMZphg0,
906000994658,Mandombe ,United States,,Funding,,,,,,,,Geocoding 2013,,bETRKB1feSz,bETRKB1feSz,
906000994660,Mc Milan ,United States,,Funding,,,,,,,,Geocoding 2013,,mBPB5BI46Ew,mBPB5BI46Ew,
906000994662,Mokela,United States,,Funding,,,,,,,,Geocoding 2013,,lInOAMpq97r,lInOAMpq97r,
906000994664,Nehema,United States,,Funding,,,,,,,,Geocoding 2013,,LVJpLyxpXxQ,LVJpLyxpXxQ,
906000994666,Rosaria,United States,,Funding,,,,,,,,Geocoding 2013,,EJILg8bp2VF,EJILg8bp2VF,
906000994668,Rosaria ,United States,,Funding,,,,,,,,Geocoding 2013,,H4INNkFoNLu,H4INNkFoNLu,
906000994670,St Pierre - Makiso ,United States,,Funding,,,,,,,,Geocoding 2013,,fc5ZKC7pQtS,fc5ZKC7pQtS,
906000994672,Fedi ,United States,,Funding,,,,,,,,Geocoding 2013,,Gfekx7eAhNw,Gfekx7eAhNw,
906000994674,Kondima,United States,,Funding,,,,,,,,Geocoding 2013,,VJnwYSvjQcn,VJnwYSvjQcn,
906000994676,Mangobo HGR,United States,,Funding,,,,,,,,Geocoding 2013,,KpAOKvMKKHv,KpAOKvMKKHv,
906000994678,Matete,United States,,Funding,,,,,,,,Geocoding 2013,,tDx9aMKrAyA,tDx9aMKrAyA,
906000994680,Musa (Sotexki),United States,,Funding,,,,,,,,Geocoding 2013,,zqEvOeMKWKc,zqEvOeMKWKc,
906000994682,Uzima ,United States,,Funding,,,,,,,,Geocoding 2013,,Wa6xAXxGlpd,Wa6xAXxGlpd,
906000994684,Mbilinga,United States,,Funding,,,,,,,,Geocoding 2013,,Q0yFToj4cCb,Q0yFToj4cCb,
906000994686,St Joseph - Tshopo,United States,,Funding,,,,,,,,Geocoding 2013,,H9pdBzm11rk,H9pdBzm11rk,
906000994688,Mokela ,United States,,Funding,,,,,,,,Geocoding 2013,,sBJzbJKnibx,sBJzbJKnibx,
906000994690,TBD1 - Makiso,United States,,Funding,,,,,,,,Geocoding 2013,,MFNMxMOOnfA,MFNMxMOOnfA,
906000994692,TBD2 - Makiso,United States,,Funding,,,,,,,,Geocoding 2013,,ZVCWZpo6rZ5,ZVCWZpo6rZ5,
906000994694,TBD3 - Makiso,United States,,Funding,,,,,,,,Geocoding 2013,,JHKqQdBIp9n,JHKqQdBIp9n,
906000994696,TBD4 - Makiso,United States,,Funding,,,,,,,,Geocoding 2013,,HUOpchyRQCR,HUOpchyRQCR,
906000994698,Gloria,United States,,Funding,,,,,,,,Geocoding 2013,,rDoaz45z3UX,rDoaz45z3UX,
906000994700,Mokili,United States,,Funding,,,,,,,,Geocoding 2013,,DimWQVrzmXa,DimWQVrzmXa,
906000994702,Mungano,United States,,Funding,,,,,,,,Geocoding 2013,,EzhBLo8crQK,EzhBLo8crQK,
906000994704,St Camile,United States,,Funding,,,,,,,,Geocoding 2013,,UIn4zkqzpIe,UIn4zkqzpIe,
906000994706,Ya Biso,United States,,Funding,,,,,,,,Geocoding 2013,,Kzx0WPI3BqC,Kzx0WPI3BqC,
906000994708,Zawadi,United States,,Funding,,,,,,,,Geocoding 2013,,IPCVZBBx68Y,IPCVZBBx68Y,
906000994710,Bondeko - Makiso,United States,,Funding,,,,,,,,Geocoding 2013,,vAn77pv4xj1,vAn77pv4xj1,
906000994712,Celpa - Makiso,United States,,Funding,,,,,,,,Geocoding 2013,,alqMKTHzbC2,alqMKTHzbC2,
906000994714,Dela Paix,United States,,Funding,,,,,,,,Geocoding 2013,,MBJj30UObKD,MBJj30UObKD,
906000994716,Nehema,United States,,Funding,,,,,,,,Geocoding 2013,,yHjpE9IvL4u,yHjpE9IvL4u,
906000994718,Segama,United States,,Funding,,,,,,,,Geocoding 2013,,B73CwOelKCi,B73CwOelKCi,
906000994720,Bombula,United States,,Funding,,,,,,,,Geocoding 2013,,Vzkb5FetsHJ,Vzkb5FetsHJ,
906000994722,Mwilu,United States,,Funding,,,,,,,,Geocoding 2013,,PnSwC4r0gDP,PnSwC4r0gDP,
906000994724,Salama,United States,,Funding,,,,,,,,Geocoding 2013,,xpQ6kq2LZaZ,xpQ6kq2LZaZ,
906000994726,Bavatete,United States,,Funding,,,,,,,,Geocoding 2013,,BgWqp0mMgfS,BgWqp0mMgfS,
906000994728,Bon Samaritian,United States,,Funding,,,,,,,,Geocoding 2013,,VGrH8F0VyJn,VGrH8F0VyJn,
906000994730,Lobiko - Tshopo,United States,,Funding,,,,,,,,Geocoding 2013,,KeiXSJSbQda,KeiXSJSbQda,
906000994732,Malkia,United States,,Funding,,,,,,,,Geocoding 2013,,H9TJCRNwwbJ,H9TJCRNwwbJ,
906000994734,Malkiya,United States,,Funding,,,,,,,,Geocoding 2013,,FHtgz67Yy5O,FHtgz67Yy5O,
906000994736,Masina,United States,,Funding,,,,,,,,Geocoding 2013,,Af4LyoKhOAF,Af4LyoKhOAF,
906000994738,Pumuzika,United States,,Funding,,,,,,,,Geocoding 2013,,hwZzaPVbv8I,hwZzaPVbv8I,
906000994740,St Pierre,United States,,Funding,,,,,,,,Geocoding 2013,,AxVwneg2mxB,AxVwneg2mxB,
906000994742,Tshopo 2 (Pharmat),United States,,Funding,,,,,,,,Geocoding 2013,,pduCP0ozEVt,pduCP0ozEVt,
906000994744,Tuungane,United States,,Funding,,,,,,,,Geocoding 2013,,tZJG8hy35xc,tZJG8hy35xc,